CHEMBL1002|LEVOSALBUTAMOL
CHEMBL1004|DOXYLAMINE
CHEMBL1008|BEPRIDIL
CHEMBL1009|LEVODOPA
CHEMBL1010|CEFOTAXIME SODIUM
CHEMBL1014|CANDESARTAN CILEXETIL
CHEMBL1015|EVANS BLUE
CHEMBL1017|TELMISARTAN
CHEMBL1018|DIENESTROL
CHEMBL101|PHENYLBUTAZONE
CHEMBL1021|NEPAFENAC
CHEMBL1023|BEXAROTENE
CHEMBL1024|IFOSFAMIDE
CHEMBL1025|ISOFLUROPHATE
CHEMBL1026|FENOLDOPAM MESYLATE
CHEMBL1029|MIGLUSTAT
CHEMBL1034|DICLOFENAC SODIUM
CHEMBL103|PROGESTERONE
CHEMBL1040|CALCIFEDIOL
CHEMBL1042|CHOLECALCIFEROL
CHEMBL1046|AMINOCAPROIC ACID
CHEMBL104|CLOTRIMAZOLE
CHEMBL1051|LATANOPROST
CHEMBL1054|TRICHLORMETHIAZIDE
CHEMBL1055|CHLORTHALIDONE
CHEMBL1059|PREGABALIN
CHEMBL105|MITOMYCIN
CHEMBL1064|SIMVASTATIN
CHEMBL1068|OXCARBAZEPINE
CHEMBL1069|VALSARTAN
CHEMBL106|FLUCONAZOLE
CHEMBL1070|NABUMETONE
CHEMBL1071|OXAPROZIN
CHEMBL1072|BUMETANIDE
CHEMBL1073|GLIPIZIDE
CHEMBL1075|MORICIZINE
CHEMBL1076347|TRICLOCARBAN
CHEMBL1079742|ERLOTINIB HYDROCHLORIDE
CHEMBL1079|TIZANIDINE
CHEMBL107|COLCHICINE
CHEMBL1082407|ENZALUTAMIDE
CHEMBL1082607|SALMETEROL XINAFOATE
CHEMBL1082|AMOXICILLIN
CHEMBL1083385|CLOPIDOGREL BISULFATE
CHEMBL1083659|SUVOREXANT
CHEMBL1083993|AMIODARONE HYDROCHLORIDE
CHEMBL1084172|VILANTEROL TRIFENATATE
CHEMBL108545|METHYL SALICYLATE
CHEMBL1085|ACETOPHENAZINE
CHEMBL1086440|TRICLABENDAZOLE
CHEMBL1086|DIBUCAINE
CHEMBL10878|AGOMELATINE
CHEMBL1088|MESORIDAZINE
CHEMBL1089221|BENDAZAC
CHEMBL1089318|OPICAPONE
CHEMBL1089641|TRYPAN BLUE
CHEMBL1089|PHENELZINE
CHEMBL108|CARBAMAZEPINE
CHEMBL1090|VIDARABINE
CHEMBL1091|HYDROCORTISONE ACETATE
CHEMBL1092|TRIHEXYPHENIDYL HYDROCHLORIDE
CHEMBL1094636|NIRAPARIB
CHEMBL1094|FELBAMATE
CHEMBL1095097|EPLERENONE
CHEMBL1095292|BRETYLIUM TOSYLATE
CHEMBL1095777|INDACATEROL
CHEMBL1095|ETHOTOIN
CHEMBL1096146|PONESIMOD
CHEMBL1096882|FLUDARABINE PHOSPHATE
CHEMBL1096885|VALRUBICIN
CHEMBL1096979|BENSERAZIDE
CHEMBL1096|AMLEXANOX
CHEMBL1097279|CANGRELOR TETRASODIUM
CHEMBL1098|BUPIVACAINE
CHEMBL109|VALPROIC ACID
CHEMBL1100|PARAMETHADIONE
CHEMBL1101|BIPERIDEN
CHEMBL1102|GLUTETHIMIDE
CHEMBL1103|FURAZOLIDONE
CHEMBL110458|MIGALASTAT
CHEMBL110691|CHLORMADINONE ACETATE
CHEMBL1106|EPINASTINE
CHEMBL1107|HALOFANTRINE
CHEMBL1108|DROPERIDOL
CHEMBL1109|SULFAPHENAZOLE
CHEMBL1111|AMBRISENTAN
CHEMBL1112|ARIPIPRAZOLE
CHEMBL1113|AMOXAPINE
CHEMBL1115|PYRIDOSTIGMINE
CHEMBL1116|RALOXIFENE HYDROCHLORIDE
CHEMBL1117|IDARUBICIN
CHEMBL1118|DESVENLAFAXINE
CHEMBL111|RIMONABANT
CHEMBL1120|BISMUTH SUBSALICYLATE
CHEMBL1121|SINCALIDE
CHEMBL1123|DICYCLOMINE
CHEMBL112570|CHOLESTEROL
CHEMBL1128|EDROPHONIUM CHLORIDE
CHEMBL1129|TRIFLURIDINE
CHEMBL112|ACETAMINOPHEN
CHEMBL113150|CETRIMIDE
CHEMBL1131|ACITRETIN
CHEMBL1133|OXYBUTYNIN CHLORIDE
CHEMBL1134|DECAMETHONIUM BROMIDE
CHEMBL11359|CISPLATIN
CHEMBL1136|TELITHROMYCIN
CHEMBL1138|EZETIMIBE
CHEMBL113|CAFFEINE
CHEMBL1146|CEFAMANDOLE
CHEMBL1148|TORSEMIDE
CHEMBL114|SAQUINAVIR
CHEMBL1152|PREDNISOLONE ACETATE
CHEMBL1159650|CLOBETASOL PROPIONATE
CHEMBL1159717|TULOBUTEROL
CHEMBL1161|MOMETASONE FUROATE
CHEMBL1162|NORETHINDRONE
CHEMBL1164729|FEBUXOSTAT
CHEMBL1165342|VINCAMINE
CHEMBL1166|ARGATROBAN
CHEMBL1168|RAMIPRIL
CHEMBL116|AMPRENAVIR
CHEMBL1170|TESTOSTERONE PROPIONATE
CHEMBL1171837|PONATINIB
CHEMBL117287|PRUCALOPRIDE
CHEMBL1172|DESLORATADINE
CHEMBL1173055|RUCAPARIB
CHEMBL1174|EPTIFIBATIDE
CHEMBL1175|DULOXETINE
CHEMBL117785|TETRABENAZINE
CHEMBL1180003|CETRIMIDE
CHEMBL1180725|PROPANTHELINE
CHEMBL1184|ACETYLCHOLINE CHLORIDE
CHEMBL1185568|DITHIAZANINE
CHEMBL1185|ZOLMITRIPTAN
CHEMBL1189679|PALONOSETRON
CHEMBL118|CELECOXIB
CHEMBL1190|DECAMETHONIUM
CHEMBL119443|ERGONOVINE
CHEMBL1194|PRILOCAINE
CHEMBL1195|PROPOXYCAINE
CHEMBL1196|PROPARACAINE
CHEMBL1197051|ISOXSUPRINE
CHEMBL1199307|DISTIGMINE
CHEMBL119|TRIMETREXATE
CHEMBL11|IMIPRAMINE
CHEMBL1200322|ESCITALOPRAM OXALATE
CHEMBL1200323|LABETALOL HYDROCHLORIDE
CHEMBL1200326|NICARDIPINE HYDROCHLORIDE
CHEMBL1200328|DULOXETINE HYDROCHLORIDE
CHEMBL1200329|TIZANIDINE HYDROCHLORIDE
CHEMBL1200330|PILOCARPINE HYDROCHLORIDE
CHEMBL1200332|PROTRIPTYLINE HYDROCHLORIDE
CHEMBL1200334|MORICIZINE HYDROCHLORIDE
CHEMBL1200335|TESTOSTERONE ENANTHATE
CHEMBL1200338|PINACIDIL
CHEMBL1200339|PHENYLEPHRINE HYDROCHLORIDE
CHEMBL1200341|INDECAINIDE HYDROCHLORIDE
CHEMBL1200342|PARAMETHASONE ACETATE
CHEMBL1200343|PERINDOPRIL ERBUMINE
CHEMBL1200347|ISOPROPAMIDE IODIDE
CHEMBL1200348|SULCONAZOLE NITRATE
CHEMBL1200367|ECHOTHIOPHATE IODIDE
CHEMBL1200370|BENZOYL PEROXIDE
CHEMBL1200374|EXEMESTANE
CHEMBL1200376|BETAMETHASONE BENZOATE
CHEMBL1200377|AMPHETAMINE ASPARTATE
CHEMBL1200379|APRACLONIDINE HYDROCHLORIDE
CHEMBL1200382|BEPRIDIL HYDROCHLORIDE
CHEMBL1200383|BENZTROPINE MESYLATE
CHEMBL1200384|BETAMETHASONE DIPROPIONATE
CHEMBL1200386|PREDNICARBATE
CHEMBL1200387|AMPHETAMINE ADIPATE
CHEMBL1200391|TROMETHAMINE
CHEMBL1200392|DOXYLAMINE SUCCINATE
CHEMBL1200395|ORPHENADRINE CITRATE
CHEMBL1200396|BUPIVACAINE HYDROCHLORIDE
CHEMBL1200398|BUTOCONAZOLE NITRATE
CHEMBL1200399|BUSPIRONE HYDROCHLORIDE
CHEMBL1200400|AZATHIOPRINE SODIUM
CHEMBL1200402|AMLODIPINE BESYLATE
CHEMBL1200405|BITOLTEROL MESYLATE
CHEMBL1200406|DIMENHYDRINATE
CHEMBL1200409|LIDOCAINE HYDROCHLORIDE
CHEMBL1200411|ROPINIROLE HYDROCHLORIDE
CHEMBL1200412|NANDROLONE PHENPROPIONATE
CHEMBL1200413|TETRAHYDROZOLINE HYDROCHLORIDE
CHEMBL1200418|DOBUTAMINE HYDROCHLORIDE
CHEMBL1200419|MOLINDONE HYDROCHLORIDE
CHEMBL1200420|MIDAZOLAM HYDROCHLORIDE
CHEMBL1200425|PARGYLINE HYDROCHLORIDE
CHEMBL1200426|METHIXENE HYDROCHLORIDE
CHEMBL1200430|ESTRADIOL ACETATE
CHEMBL1200432|METHYLDOPATE HYDROCHLORIDE
CHEMBL1200434|OXTRIPHYLLINE
CHEMBL1200436|OXANDROLONE
CHEMBL1200437|QUINIDINE GLUCONATE
CHEMBL1200438|TIOCONAZOLE
CHEMBL1200440|MEPIVACAINE HYDROCHLORIDE
CHEMBL1200443|MERETHOXYLLINE PROCAINE
CHEMBL1200444|PIRBUTEROL ACETATE
CHEMBL1200446|TRIPELENNAMINE HYDROCHLORIDE
CHEMBL1200449|TRIAMCINOLONE DIACETATE
CHEMBL1200454|VALGANCICLOVIR HYDROCHLORIDE
CHEMBL1200461|MIDODRINE HYDROCHLORIDE
CHEMBL1200463|OXAPROZIN POTASSIUM
CHEMBL1200464|PROPARACAINE HYDROCHLORIDE
CHEMBL1200467|HYDROXYZINE PAMOATE
CHEMBL1200468|MALATHION
CHEMBL1200469|PROMAZINE HYDROCHLORIDE
CHEMBL1200470|ESOMEPRAZOLE SODIUM
CHEMBL1200472|QUAZEPAM
CHEMBL1200473|CYCLOPENTOLATE HYDROCHLORIDE
CHEMBL1200474|DEMECLOCYCLINE HYDROCHLORIDE
CHEMBL1200475|DAUNORUBICIN CITRATE
CHEMBL1200477|ALLOPURINOL SODIUM
CHEMBL1200478|DYCLONINE HYDROCHLORIDE
CHEMBL1200479|DICYCLOMINE HYDROCHLORIDE
CHEMBL1200480|OCTREOTIDE ACETATE
CHEMBL1200483|PHENMETRAZINE HYDROCHLORIDE
CHEMBL1200485|SORAFENIB TOSYLATE
CHEMBL1200487|ETHACRYNATE SODIUM
CHEMBL1200490|CETRORELIX
CHEMBL1200491|EPINASTINE HYDROCHLORIDE
CHEMBL1200492|NEFAZODONE HYDROCHLORIDE
CHEMBL1200493|NAFTIFINE HYDROCHLORIDE
CHEMBL1200494|GUANFACINE HYDROCHLORIDE
CHEMBL1200495|HYDROCORTISONE SODIUM SUCCINATE
CHEMBL1200497|CYCLIZINE LACTATE
CHEMBL1200500|BECLOMETHASONE DIPROPIONATE
CHEMBL1200501|GOSERELIN ACETATE
CHEMBL1200503|BROMOCRIPTINE MESYLATE
CHEMBL1200509|HISTRELIN ACETATE
CHEMBL1200511|GONADORELIN ACETATE
CHEMBL1200514|DEMECARIUM BROMIDE
CHEMBL1200515|DESERPIDINE
CHEMBL1200516|GONADORELIN HYDROCHLORIDE
CHEMBL1200517|DIHYDROERGOTAMINE MESYLATE
CHEMBL1200521|ALMOTRIPTAN MALATE
CHEMBL1200522|AVOBENZONE
CHEMBL1200523|CEFAZOLIN SODIUM
CHEMBL1200527|ATRACURIUM BESYLATE
CHEMBL1200530|CEFOXITIN SODIUM
CHEMBL1200531|ALFENTANIL HYDROCHLORIDE
CHEMBL1200532|METHDILAZINE HYDROCHLORIDE
CHEMBL1200534|MOEXIPRIL HYDROCHLORIDE
CHEMBL1200538|BETAMETHASONE ACETATE
CHEMBL1200541|AMBENONIUM CHLORIDE
CHEMBL1200542|DESOXYCORTICOSTERONE ACETATE
CHEMBL1200543|ANILERIDINE PHOSPHATE
CHEMBL1200545|DIFLORASONE DIACETATE
CHEMBL1200549|RAPACURONIUM BROMIDE
CHEMBL1200550|ANTAZOLINE PHOSPHATE
CHEMBL1200554|TRIPTORELIN PAMOATE
CHEMBL1200556|DESMOPRESSIN ACETATE
CHEMBL1200559|LACTIC ACID
CHEMBL1200560|GUANABENZ ACETATE
CHEMBL1200561|DOXAZOSIN MESYLATE
CHEMBL1200562|HYDROCORTISONE VALERATE
CHEMBL1200563|CERIVASTATIN SODIUM
"CHEMBL1200569|CAFFEINE, CITRATED"
CHEMBL1200578|THEOPHYLLINE SODIUM GLYCINATE
CHEMBL1200581|DIATRIZOATE SODIUM
CHEMBL1200585|OXYMETHOLONE
CHEMBL1200586|PRILOCAINE HYDROCHLORIDE
CHEMBL1200589|CEFOTIAM HYDROCHLORIDE
CHEMBL1200592|DESOXYCORTICOSTERONE PIVALATE
CHEMBL1200595|CHLORPHENTERMINE HYDROCHLORIDE
CHEMBL1200596|CHLOROXINE
CHEMBL1200597|ETIDOCAINE HYDROCHLORIDE
CHEMBL1200598|DIETHYLSTILBESTROL DIPHOSPHATE
CHEMBL1200599|DIFENOXIN HYDROCHLORIDE
CHEMBL1200600|FLUOROMETHOLONE
CHEMBL1200601|NARATRIPTAN HYDROCHLORIDE
CHEMBL1200604|TROPICAMIDE
CHEMBL1200606|MEXILETINE HYDROCHLORIDE
CHEMBL1200609|PAROXETINE MESYLATE
CHEMBL1200612|DIBUCAINE HYDROCHLORIDE
CHEMBL1200613|TOLMETIN SODIUM
CHEMBL1200616|CHLOROTHIAZIDE SODIUM
CHEMBL1200617|RIMEXOLONE
CHEMBL1200618|FEXOFENADINE HYDROCHLORIDE
CHEMBL1200621|GEMIFLOXACIN MESYLATE
CHEMBL1200622|PARICALCITOL
CHEMBL1200623|ETHYLESTRENOL
CHEMBL1200624|ETHYNODIOL DIACETATE
CHEMBL1200627|PROPIOLACTONE
CHEMBL1200628|VANCOMYCIN HYDROCHLORIDE
CHEMBL1200629|VECURONIUM BROMIDE
CHEMBL1200632|CLINDAMYCIN PALMITATE HYDROCHLORIDE
CHEMBL1200633|IVERMECTIN
CHEMBL1200635|HYDROCORTAMATE HYDROCHLORIDE
CHEMBL1200636|CYCLOBENZAPRINE HYDROCHLORIDE
CHEMBL1200638|DEXBROMPHENIRAMINE MALEATE
CHEMBL1200641|CISATRACURIUM BESYLATE
CHEMBL1200644|FONDAPARINUX SODIUM
CHEMBL1200645|ETOPOSIDE PHOSPHATE
CHEMBL1200648|ROCURONIUM BROMIDE
CHEMBL1200654|BENOXINATE HYDROCHLORIDE
CHEMBL1200659|ENALAPRIL MALEATE
CHEMBL1200660|ISOSORBIDE
CHEMBL1200661|UNOPROSTONE ISOPROPYL
CHEMBL1200665|DIPHENOXYLATE HYDROCHLORIDE
CHEMBL1200666|CALCIPOTRIENE
CHEMBL1200670|SARALASIN ACETATE
CHEMBL1200671|NAFARELIN ACETATE
CHEMBL1200675|TOREMIFENE CITRATE
CHEMBL1200679|ZINC CHLORIDE
CHEMBL1200681|MONTELUKAST SODIUM
CHEMBL1200682|SODIUM OXYBATE
CHEMBL1200686|PIMECROLIMUS
CHEMBL1200689|NITRIC OXIDE
CHEMBL1200690|LYPRESSIN
CHEMBL1200692|OLMESARTAN MEDOXOMIL
CHEMBL1200694|SEVOFLURANE
CHEMBL1200695|PHENYLPROPANOLAMINE HYDROCHLORIDE
CHEMBL1200699|DOXYCYCLINE
CHEMBL1200703|CHLORDIAZEPOXIDE HYDROCHLORIDE
CHEMBL1200705|HYDROXYAMPHETAMINE HYDROBROMIDE
CHEMBL1200707|BENZQUINAMIDE HYDROCHLORIDE
CHEMBL1200710|CLOMIPRAMINE HYDROCHLORIDE
CHEMBL1200712|EVANS BLUE
CHEMBL1200715|HEXYLCAINE HYDROCHLORIDE
CHEMBL1200721|ESTRAMUSTINE PHOSPHATE SODIUM
CHEMBL1200722|PIPECURONIUM BROMIDE
CHEMBL1200724|PSEUDOEPHEDRINE HYDROCHLORIDE
CHEMBL1200725|SERTACONAZOLE NITRATE
CHEMBL1200728|GUANIDINE HYDROCHLORIDE
CHEMBL1200732|AMCINONIDE
CHEMBL1200733|DESFLURANE
CHEMBL1200745|OXPRENOLOL HYDROCHLORIDE
CHEMBL1200748|CARBIDOPA
CHEMBL1200749|LEVOBUPIVACAINE HYDROCHLORIDE
CHEMBL1200750|PROMETHAZINE HYDROCHLORIDE
CHEMBL1200751|MERCAPTOPURINE
CHEMBL1200755|CERULETIDE DIETHYLAMINE
CHEMBL1200757|PANCURONIUM BROMIDE
CHEMBL1200758|AMPICILLIN SODIUM
CHEMBL1200759|ANAGRELIDE HYDROCHLORIDE
CHEMBL1200760|BALSALAZIDE DISODIUM
CHEMBL1200761|CHLOROTRIANISENE
CHEMBL1200762|BETAMETHASONE SODIUM PHOSPHATE
CHEMBL1200764|METHACHOLINE CHLORIDE
CHEMBL1200769|TRIPELENNAMINE CITRATE
CHEMBL1200771|TRIDIHEXETHYL CHLORIDE
CHEMBL1200772|WARFARIN POTASSIUM
CHEMBL1200773|TOCAINIDE HYDROCHLORIDE
CHEMBL1200774|FLUPREDNISOLONE
CHEMBL1200775|LEUPROLIDE ACETATE
CHEMBL1200776|CINACALCET HYDROCHLORIDE
CHEMBL1200779|TROVAFLOXACIN MESYLATE
CHEMBL1200781|CITALOPRAM HYDROBROMIDE
CHEMBL1200782|DEXTROAMPHETAMINE ADIPATE
CHEMBL1200787|PHENOXYBENZAMINE HYDROCHLORIDE
CHEMBL1200789|TRICLOFOS SODIUM
CHEMBL1200790|METHYPRYLON
CHEMBL1200791|OXYMETAZOLINE HYDROCHLORIDE
CHEMBL1200794|OXYMORPHONE HYDROCHLORIDE
CHEMBL1200795|CLEMASTINE FUMARATE
CHEMBL1200796|CYCLOPHOSPHAMIDE
CHEMBL1200798|TRAZODONE HYDROCHLORIDE
CHEMBL1200799|TRAVOPROST
CHEMBL1200802|TALBUTAL
CHEMBL1200803|SOLIFENACIN SUCCINATE
CHEMBL1200804|DICLOFENAC POTASSIUM
CHEMBL1200805|DILTIAZEM MALATE
CHEMBL1200806|NAPROXEN SODIUM
CHEMBL1200807|NORELGESTROMIN
CHEMBL1200809|AZELASTINE HYDROCHLORIDE
CHEMBL1200810|DOXERCALCIFEROL
CHEMBL1200813|ACEBUTOLOL HYDROCHLORIDE
CHEMBL1200814|ACETAZOLAMIDE SODIUM
CHEMBL1200817|LEVOMETHADYL ACETATE HYDROCHLORIDE
CHEMBL1200819|ARTICAINE HYDROCHLORIDE
CHEMBL1200822|FLECAINIDE ACETATE
CHEMBL1200825|METHADONE HYDROCHLORIDE
CHEMBL1200826|LITHIUM CARBONATE
CHEMBL1200828|CYCRIMINE HYDROCHLORIDE
CHEMBL1200829|GLUCONOLACTONE
CHEMBL1200831|SPIRAPRIL HYDROCHLORIDE
CHEMBL1200833|DIPIVEFRIN HYDROCHLORIDE
CHEMBL1200837|LEVOBETAXOLOL HYDROCHLORIDE
CHEMBL1200841|PROCAINE HYDROCHLORIDE
CHEMBL1200843|METHYLERGONOVINE MALEATE
CHEMBL1200845|HALCINONIDE
CHEMBL1200848|HYDROXYPROGESTERONE CAPROATE
CHEMBL1200853|DYDROGESTERONE
CHEMBL1200854|FLUPHENAZINE DECANOATE
CHEMBL1200862|METYROSINE
CHEMBL1200865|LOTEPREDNOL ETABONATE
CHEMBL1200866|PERFLUBRON
CHEMBL1200868|PHENYL AMINOSALICYLATE
CHEMBL1200870|TIMOLOL MALEATE
CHEMBL1200873|PHENTOLAMINE MESYLATE
"CHEMBL1200874|TOLBUTAMIDE SODIUM, STERILE"
CHEMBL1200875|FLAVOXATE HYDROCHLORIDE
CHEMBL1200877|FLUMETHASONE PIVALATE
CHEMBL1200878|TRIAMCINOLONE HEXACETONIDE
CHEMBL1200879|WARFARIN SODIUM
CHEMBL1200880|DIPHEMANIL METHYLSULFATE
CHEMBL1200881|MINOCYCLINE HYDROCHLORIDE
CHEMBL1200883|THONZONIUM BROMIDE
CHEMBL1200885|ALOSETRON HYDROCHLORIDE
CHEMBL1200887|TRIMETHOBENZAMIDE HYDROCHLORIDE
CHEMBL1200890|OXYCODONE HYDROCHLORIDE
CHEMBL1200891|OXYPHENCYCLIMINE HYDROCHLORIDE
CHEMBL1200893|PROTOKYLOL HYDROCHLORIDE
CHEMBL1200895|PHENELZINE SULFATE
CHEMBL1200896|DINOPROST TROMETHAMINE
CHEMBL1200901|HALOFANTRINE HYDROCHLORIDE
CHEMBL1200903|SECOBARBITAL SODIUM
CHEMBL1200904|SELEGILINE HYDROCHLORIDE
CHEMBL1200906|OXYPHENONIUM BROMIDE
CHEMBL1200907|TRILOSTANE
CHEMBL1200908|HALOBETASOL PROPIONATE
CHEMBL1200909|PREDNISOLONE TEBUTATE
CHEMBL1200912|PHENTERMINE HYDROCHLORIDE
CHEMBL1200914|TAMSULOSIN HYDROCHLORIDE
CHEMBL1200916|THIORIDAZINE HYDROCHLORIDE
CHEMBL1200920|ISOETHARINE HYDROCHLORIDE
CHEMBL1200927|DEXCHLORPHENIRAMINE MALEATE
CHEMBL1200930|RABEPRAZOLE SODIUM
CHEMBL1200933|HEXAFLUORENIUM BROMIDE
CHEMBL1200934|NORGESTIMATE
CHEMBL1200935|DARIFENACIN HYDROBROMIDE
CHEMBL1200940|METOCLOPRAMIDE HYDROCHLORIDE
CHEMBL1200946|NANDROLONE DECANOATE
CHEMBL1200947|METIPRANOLOL HYDROCHLORIDE
CHEMBL1200948|TRIMIPRAMINE MALEATE
CHEMBL1200949|BETAZOLE HYDROCHLORIDE
CHEMBL1200950|CLIDINIUM BROMIDE
CHEMBL1200951|FLUPHENAZINE ENANTHATE
CHEMBL1200952|METHAMPHETAMINE HYDROCHLORIDE
CHEMBL1200953|HYDROCORTISONE PROBUTATE
CHEMBL1200955|MYCOPHENOLATE MOFETIL HYDROCHLORIDE
CHEMBL1200959|METHDILAZINE
CHEMBL1200961|BROMPHENIRAMINE MALEATE
CHEMBL1200963|BIMATOPROST
CHEMBL1200964|AMITRIPTYLINE HYDROCHLORIDE
CHEMBL1200967|BROMODIPHENHYDRAMINE HYDROCHLORIDE
CHEMBL1200968|HYDROCORTISONE SODIUM PHOSPHATE
CHEMBL1200969|DUTASTERIDE
CHEMBL1200970|ETHOPROPAZINE HYDROCHLORIDE
CHEMBL1200973|ESTRADIOL CYPIONATE
CHEMBL1200974|CARBINOXAMINE MALEATE
CHEMBL1200975|CLOCORTOLONE PIVALATE
CHEMBL1200976|IDARUBICIN HYDROCHLORIDE
CHEMBL1200977|MILRINONE LACTATE
CHEMBL1200980|ESTROPIPATE
CHEMBL1200981|EPIRUBICIN HYDROCHLORIDE
CHEMBL1200982|BUTABARBITAL SODIUM
CHEMBL1200983|GALLIUM NITRATE
CHEMBL1200984|AMLODIPINE MALEATE
CHEMBL1200986|HALOPERIDOL DECANOATE
CHEMBL1200987|EPROSARTAN MESYLATE
CHEMBL1200988|METHANTHELINE BROMIDE
CHEMBL1200989|ALCLOMETASONE DIPROPIONATE
CHEMBL1200993|GALLAMINE TRIETHIODIDE
CHEMBL1200|BENOXINATE
CHEMBL1201001|MECHLORETHAMINE HYDROCHLORIDE
CHEMBL1201002|CARTEOLOL HYDROCHLORIDE
CHEMBL1201003|ELETRIPTAN HYDROBROMIDE
CHEMBL1201006|PYRILAMINE MALEATE
CHEMBL1201010|FLUDROCORTISONE ACETATE
CHEMBL1201011|QUINAPRIL HYDROCHLORIDE
CHEMBL1201012|FLURANDRENOLIDE
CHEMBL1201013|OLSALAZINE SODIUM
CHEMBL1201014|PREDNISOLONE SODIUM PHOSPHATE
CHEMBL1201016|CEFPODOXIME PROXETIL
CHEMBL1201020|DISOPYRAMIDE PHOSPHATE
CHEMBL1201022|PHENAZOPYRIDINE HYDROCHLORIDE
CHEMBL1201023|ORPHENADRINE HYDROCHLORIDE
CHEMBL1201027|GLYCOPYRROLATE
CHEMBL1201032|RIZATRIPTAN BENZOATE
CHEMBL1201035|BIPERIDEN HYDROCHLORIDE
CHEMBL1201037|EFLORNITHINE HYDROCHLORIDE
CHEMBL1201038|ACRISORCIN
CHEMBL1201039|BENZTHIAZIDE
CHEMBL1201043|CEPHAPIRIN SODIUM
CHEMBL1201044|DAPIPRAZOLE HYDROCHLORIDE
CHEMBL1201047|ANILERIDINE HYDROCHLORIDE
CHEMBL1201048|DROMOSTANOLONE PROPIONATE
CHEMBL1201049|ECONAZOLE NITRATE
CHEMBL1201051|CIMETIDINE HYDROCHLORIDE
CHEMBL1201052|MESORIDAZINE BESYLATE
CHEMBL1201057|CILASTATIN SODIUM
CHEMBL1201059|CHLOROGUANIDE HYDROCHLORIDE
CHEMBL1201060|LOXAPINE HYDROCHLORIDE
CHEMBL1201061|LEVALBUTEROL HYDROCHLORIDE
CHEMBL1201063|PROPAFENONE HYDROCHLORIDE
CHEMBL1201064|FLUOROMETHOLONE ACETATE
CHEMBL1201065|THIAMYLAL SODIUM
CHEMBL1201066|VENLAFAXINE HYDROCHLORIDE
CHEMBL1201067|BIPERIDEN LACTATE
CHEMBL1201068|PROPIOMAZINE HYDROCHLORIDE
CHEMBL1201081|METHYLPREDNISOLONE SODIUM SUCCINATE
CHEMBL1201082|FLUOXETINE HYDROCHLORIDE
CHEMBL1201087|CABERGOLINE
CHEMBL1201089|DIPHENHYDRAMINE CITRATE
CHEMBL1201093|METHYL AMINOLEVULINATE HYDROCHLORIDE
CHEMBL1201099|CODEINE PHOSPHATE
CHEMBL1201101|TESTOSTERONE CYPIONATE
CHEMBL1201102|TRIFLUPROMAZINE HYDROCHLORIDE
CHEMBL1201103|METHOXAMINE HYDROCHLORIDE
CHEMBL1201108|CONIVAPTAN HYDROCHLORIDE
CHEMBL1201109|DESONIDE
CHEMBL1201110|VALACYCLOVIR HYDROCHLORIDE
CHEMBL1201115|ESMOLOL HYDROCHLORIDE
CHEMBL1201117|METHOCARBAMOL
CHEMBL1201118|CEFMETAZOLE SODIUM
CHEMBL1201119|LIOTHYRONINE SODIUM
CHEMBL1201120|REMIFENTANIL HYDROCHLORIDE
CHEMBL1201124|KETOROLAC TROMETHAMINE
CHEMBL1201129|DECITABINE
CHEMBL1201130|BETAINE HYDROCHLORIDE
CHEMBL1201131|PIPERONYL BUTOXIDE
CHEMBL1201132|NALBUPHINE HYDROCHLORIDE
CHEMBL1201134|LUBIPROSTONE
CHEMBL1201139|MEGESTROL ACETATE
CHEMBL1201141|IBUPROFEN LYSINE
CHEMBL1201142|RASAGILINE MESYLATE
CHEMBL1201146|NORETHINDRONE ACETATE
CHEMBL1201147|OCTOCRYLENE
CHEMBL1201148|MEPREDNISONE
CHEMBL1201149|NALTREXONE HYDROCHLORIDE
CHEMBL1201150|SUMATRIPTAN SUCCINATE
CHEMBL1201151|MESTRANOL
CHEMBL1201152|NALMEFENE HYDROCHLORIDE
CHEMBL1201153|ISOETHARINE MESYLATE
CHEMBL1201154|PROCHLORPERAZINE EDISYLATE
CHEMBL1201155|LOXAPINE SUCCINATE
CHEMBL1201156|NORTRIPTYLINE HYDROCHLORIDE
CHEMBL1201159|FENTANYL HYDROCHLORIDE
CHEMBL1201162|DORZOLAMIDE HYDROCHLORIDE
CHEMBL1201163|SUFENTANIL CITRATE
CHEMBL1201165|QUINESTROL
CHEMBL1201167|CARVEDILOL PHOSPHATE
CHEMBL1201168|ISOCARBOXAZID
CHEMBL1201171|PRAMOXINE HYDROCHLORIDE
CHEMBL1201173|MEDRYSONE
CHEMBL1201174|SITAGLIPTIN PHOSPHATE
CHEMBL1201177|LEVOBUNOLOL HYDROCHLORIDE
CHEMBL1201178|LISDEXAMFETAMINE DIMESYLATE
CHEMBL1201179|LAPATINIB DITOSYLATE
CHEMBL1201180|DICLOFENAC EPOLAMINE
CHEMBL1201182|TEMSIROLIMUS
CHEMBL1201184|LANREOTIDE ACETATE
CHEMBL1201187|MARAVIROC
CHEMBL1201190|LEVOCETIRIZINE DIHYDROCHLORIDE
CHEMBL1201192|ARMODAFINIL
CHEMBL1201193|LEVOBUPIVACAINE
CHEMBL1201203|BENZTROPINE
CHEMBL1201213|ISOETHARINE
CHEMBL1201217|DYCLONINE
CHEMBL1201218|CEFAMANDOLE NAFATE
CHEMBL1201232|ISOPROPAMIDE
CHEMBL1201234|MEPHENTERMINE
CHEMBL1201236|CARBIDOPA
CHEMBL1201239|IODAMIDE
CHEMBL1201256|TRIMETHOBENZAMIDE
CHEMBL1201264|METHANTHELINE
CHEMBL1201284|CINACALCET
CHEMBL1201287|DEXBROMPHENIRAMINE
CHEMBL1201304|INDOCYANINE GREEN
CHEMBL1201322|THONZONIUM
CHEMBL1201328|CARPHENAZINE
CHEMBL1201341|ECHOTHIOPHATE
CHEMBL1201356|METHYLERGONOVINE
CHEMBL1201414|TINZAPARIN SODIUM
CHEMBL1201419|LUTROPIN ALFA
CHEMBL1201421|PEGAPTANIB SODIUM
CHEMBL1201438|ALDESLEUKIN
CHEMBL1201439|BASILIXIMAB
CHEMBL1201448|ARDEPARIN SODIUM
CHEMBL1201454|ALSEROXYLON
CHEMBL1201460|DALTEPARIN SODIUM
CHEMBL1201461|DEXTROMETHORPHAN POLISTIREX
CHEMBL1201463|CODEINE POLISTIREX
CHEMBL1201464|CHORIOGONADOTROPIN ALFA
"CHEMBL1201466|ESTROGENS, CONJUGATED SYNTHETIC A"
"CHEMBL1201467|SYNTHETIC CONJUGATED ESTROGENS, B"
"CHEMBL1201468|ESTROGENS, ESTERIFIED"
CHEMBL1201470|HYDROCODONE POLISTIREX
CHEMBL1201476|ENOXAPARIN SODIUM
CHEMBL1201477|POLYESTRADIOL PHOSPHATE
CHEMBL1201483|PSEUDOEPHEDRINE POLISTIREX
CHEMBL1201486|QUINIDINE POLYGALACTURONATE
CHEMBL1201488|SECRETIN SYNTHETIC HUMAN
CHEMBL1201489|SERACTIDE ACETATE
CHEMBL1201490|SERMORELIN ACETATE
CHEMBL1201496|INSULIN ASPART
CHEMBL1201497|INSULIN GLARGINE
"CHEMBL1201505|FIBRINOLYSIN, HUMAN"
CHEMBL1201506|GEMTUZUMAB OZOGAMICIN
"CHEMBL1201509|GONADOTROPIN, CHORIONIC"
CHEMBL1201513|HEPARIN CALCIUM
CHEMBL1201515|PEGVISOMANT
CHEMBL1201520|UROFOLLITROPIN
CHEMBL1201528|VASOPRESSIN TANNATE
CHEMBL1201532|THYROTROPIN
CHEMBL1201533|THYROTROPIN ALFA
CHEMBL1201534|DANAPAROID SODIUM
CHEMBL1201535|PHENYLPROPANOLAMINE POLISTIREX
CHEMBL1201536|NICOTINE POLACRILEX
CHEMBL1201538|INSULIN LISPRO
CHEMBL1201539|INSULIN PORK
CHEMBL1201540|INSULIN SUSP ISOPHANE RECOMBINANT HUMAN
CHEMBL1201541|INSULIN SUSP PROTAMINE ZINC PURIFIED BEEF
CHEMBL1201542|INSULIN ZINC SUSP EXTENDED PURIFIED BEEF
CHEMBL1201543|INSULIN ZINC SUSP SEMISYNTHETIC PURIFIED HUMAN
CHEMBL1201545|INSULIN SUSP ISOPHANE BEEF
CHEMBL1201546|INSULIN ZINC SUSP PURIFIED BEEF
CHEMBL1201549|TERIPARATIDE ACETATE
CHEMBL1201550|DENILEUKIN DIFTITOX
CHEMBL1201554|ANTITHROMBIN ALFA
CHEMBL1201556|BECAPLERMIN
CHEMBL1201557|INTERFERON ALFACON-1
CHEMBL1201558|INTERFERON ALFA-2B
CHEMBL1201560|PEGINTERFERON ALFA-2A
CHEMBL1201561|PEGINTERFERON ALFA-2B
CHEMBL1201562|INTERFERON BETA-1A
CHEMBL1201563|INTERFERON BETA-1B
CHEMBL1201564|INTERFERON GAMMA-1B
CHEMBL1201565|EPOETIN ALFA
CHEMBL1201566|DARBEPOETIN ALFA
CHEMBL1201567|FILGRASTIM
CHEMBL1201568|PEGFILGRASTIM
CHEMBL1201569|BOTULINUM TOXIN TYPE B
CHEMBL1201570|ANAKINRA
CHEMBL1201571|ALEFACEPT
CHEMBL1201572|ETANERCEPT
CHEMBL1201573|OPRELVEKIN
CHEMBL1201574|ONABOTULINUMTOXINA
CHEMBL1201575|EFALIZUMAB
CHEMBL1201576|RITUXIMAB
CHEMBL1201577|CETUXIMAB
CHEMBL1201580|ADALIMUMAB
CHEMBL1201581|INFLIXIMAB
CHEMBL1201583|BEVACIZUMAB
CHEMBL1201584|ABCIXIMAB
CHEMBL1201585|TRASTUZUMAB
CHEMBL1201587|ALEMTUZUMAB
CHEMBL1201589|OMALIZUMAB
CHEMBL1201604|TOSITUMOMAB
CHEMBL1201605|DACLIZUMAB
CHEMBL1201606|IBRITUMOMAB TIUXETAN
CHEMBL1201607|NATALIZUMAB
CHEMBL1201608|MUROMONAB-CD3
CHEMBL1201609|CORTICOTROPIN ZINC HYDROXIDE
CHEMBL1201610|CORTICOTROPIN
CHEMBL1201611|INSULIN LISPRO PROTAMINE RECOMBINANT
CHEMBL1201613|INSULIN GLULISINE
CHEMBL1201616|SECRETIN SYNTHETIC PORCINE
CHEMBL1201618|GLUCAGON HYDROCHLORIDE
CHEMBL1201619|APROTININ
CHEMBL1201620|SOMATREM
CHEMBL1201621|SOMATROPIN
CHEMBL1201627|INSULIN SUSP ISOPHANE SEMISYNTHETIC PURIFIED HUMAN
CHEMBL1201628|INSULIN SUSP PROTAMINE ZINC BEEF_PORK
CHEMBL1201629|INSULIN PURIFIED BEEF
CHEMBL1201630|INSULIN PURIFIED PORK
CHEMBL1201631|INSULIN
CHEMBL1201634|INSULIN ZINC SUSP PURIFIED BEEF_PORK
CHEMBL1201635|INSULIN SUSP ISOPHANE BEEF_PORK
CHEMBL1201638|INSULIN SUSP PROTAMINE ZINC PURIFIED PORK
CHEMBL1201639|INSULIN ZINC SUSP BEEF
CHEMBL1201640|INSULIN ZINC SUSP EXTENDED BEEF
CHEMBL1201641|INSULIN ZINC SUSP EXTENDED RECOMBINANT HUMAN
CHEMBL1201642|INSULIN ZINC SUSP PROMPT BEEF
CHEMBL1201643|INSULIN ZINC SUSP PROMPT PURIFIED PORK
CHEMBL1201644|INSULIN ZINC SUSP RECOMBINANT HUMAN
"CHEMBL1201649|ESTROGENS, CONJUGATED"
CHEMBL1201653|INSULIN ZINC SUSP PURIFIED PORK
CHEMBL1201655|INSULIN SUSP ISOPHANE PURIFIED BEEF
CHEMBL1201656|INSULIN SUSP ISOPHANE PURIFIED PORK
CHEMBL1201657|HEPARIN SODIUM
CHEMBL1201659|CHLORPHENIRAMINE POLISTIREX
CHEMBL1201661|CALCITONIN SALMON RECOMBINANT
CHEMBL1201662|DESIRUDIN
CHEMBL1201664|INSULIN ASPART PROTAMINE RECOMBINANT
CHEMBL1201666|LEPIRUDIN
CHEMBL1201668|NESIRITIDE
CHEMBL1201670|SARGRAMOSTIM
CHEMBL1201692|FOLLITROPIN ALFA
CHEMBL1201697|LH (MENOTROPINS)
CHEMBL1201716|MECASERMIN
CHEMBL1201717|MECASERMIN RINFABATE
CHEMBL1201728|DESVENLAFAXINE SUCCINATE
CHEMBL1201729|DRONEDARONE HYDROCHLORIDE
CHEMBL1201731|NEBIVOLOL HYDROCHLORIDE
CHEMBL1201733|PAZOPANIB HYDROCHLORIDE
CHEMBL1201735|BUPROPION HYDROBROMIDE
CHEMBL1201740|NILOTINIB HYDROCHLORIDE MONOHYDRATE
CHEMBL1201743|SAXAGLIPTIN HYDROCHLORIDE
CHEMBL1201745|CHOLINE FENOFIBRATE
CHEMBL1201746|PRALATREXATE
CHEMBL1201747|ALCAFTADINE
CHEMBL1201748|CABAZITAXEL
CHEMBL1201749|DIFLUPREDNATE
CHEMBL1201752|IXABEPILONE
CHEMBL1201754|RUFINAMIDE
CHEMBL1201759|BEPOTASTINE BESYLATE
CHEMBL1201765|FESOTERODINE FUMARATE
CHEMBL1201770|METHYLNALTREXONE BROMIDE
CHEMBL1201773|PRASUGREL HYDROCHLORIDE
CHEMBL1201775|SAPROPTERIN DIHYDROCHLORIDE
CHEMBL1201777|TAPENTADOL HYDROCHLORIDE
CHEMBL1201780|CARGLUMIC ACID
CHEMBL1201782|FOSAPREPITANT DIMEGLUMINE
CHEMBL1201821|PALIFERMIN
CHEMBL1201823|ABATACEPT
CHEMBL1201825|RANIBIZUMAB
CHEMBL1201827|PANITUMUMAB
CHEMBL1201828|ECULIZUMAB
CHEMBL1201830|RILONACEPT
CHEMBL1201831|CERTOLIZUMAB PEGOL
CHEMBL1201832|ROMIPLOSTIM
CHEMBL1201833|GOLIMUMAB
CHEMBL1201834|CANAKINUMAB
CHEMBL1201835|USTEKINUMAB
CHEMBL1201836|OFATUMUMAB
CHEMBL1201837|ECALLANTIDE
CHEMBL1201863|DEXLANSOPRAZOLE
CHEMBL1201891|DEFLAZACORT
CHEMBL1201|THIOTHIXENE
CHEMBL1202|CIPROFLOXACIN HYDROCHLORIDE
CHEMBL1204165|DILEVALOL HYDROCHLORIDE
CHEMBL1205|NELFINAVIR MESYLATE
CHEMBL1206690|PARECOXIB
CHEMBL1206|ETHOPROPAZINE
CHEMBL1208155|ELAGOLIX
CHEMBL1208422|ROSE BENGAL
CHEMBL1208|CINOXACIN
CHEMBL1214124|PERAMPANEL
CHEMBL1215|PHENYLEPHRINE
CHEMBL121626|TOLFENAMIC ACID
CHEMBL121663|DEQUALINIUM CHLORIDE
CHEMBL1218|RAMELTEON
CHEMBL1219|RABEPRAZOLE
CHEMBL121|ROSIGLITAZONE
CHEMBL1223|PENICILLIN G POTASSIUM
CHEMBL1224|ACRIVASTINE
CHEMBL1228|OXYPHENBUTAZONE
CHEMBL1229517|VEMURAFENIB
CHEMBL1229846|PHENOXYETHANOL
CHEMBL1229908|ETHAMIVAN
CHEMBL122|ROFECOXIB
CHEMBL1230314|ESTETROL
CHEMBL1231723|POLIDOCANOL
CHEMBL1231|OXYBUTYNIN
CHEMBL1233|CARISOPRODOL
CHEMBL1234|DEFEROXAMINE MESYLATE
CHEMBL1237022|TOCILIZUMAB
CHEMBL1237023|DENOSUMAB
CHEMBL1237055|HYDROMORPHONE HYDROCHLORIDE
CHEMBL1237061|PITAVASTATIN CALCIUM
CHEMBL1237065|TRAMADOL HYDROCHLORIDE
CHEMBL1237080|GRANISETRON HYDROCHLORIDE
CHEMBL1237082|MECAMYLAMINE HYDROCHLORIDE
CHEMBL1237099|DOXACURIUM CHLORIDE
CHEMBL1237102|LEVOCABASTINE HYDROCHLORIDE
CHEMBL1237104|PROPOXYPHENE HYDROCHLORIDE
CHEMBL1237105|CARBOPROST TROMETHAMINE
CHEMBL1237119|TREPROSTINIL
CHEMBL1237132|CLEVIDIPINE
CHEMBL1237135|MAPROTILINE HYDROCHLORIDE
CHEMBL1237|LISINOPRIL
CHEMBL1238|AZELAIC ACID
CHEMBL1240|PROPANTHELINE BROMIDE
CHEMBL1245|TRIMETHAPHAN CAMSYLATE
CHEMBL1251|GANIRELIX ACETATE
CHEMBL1252|ABARELIX
CHEMBL1255654|TETRACAINE HYDROCHLORIDE
CHEMBL1255739|METHAPYRILENE HYDROCHLORIDE
CHEMBL1255943|GLUTAMIC ACID HYDROCHLORIDE
CHEMBL1256137|CYSTEAMINE HYDROCHLORIDE
CHEMBL1256391|PIRFENIDONE
CHEMBL1256400|XYLOMETAZOLINE HYDROCHLORIDE
CHEMBL1256696|CARBETAPENTANE CITRATE
CHEMBL1256786|FORMOTEROL
CHEMBL1256818|DEXTROMETHORPHAN HYDROBROMIDE
CHEMBL1256819|ANTAZOLINE HYDROCHLORIDE
CHEMBL1256841|NIALAMIDE
CHEMBL1256842|NOMIFENSINE MALEATE
CHEMBL1256901|BUTYLSCOPOLAMINE BROMIDE
CHEMBL1256958|EPINEPHRINE BITARTRATE
CHEMBL1256|ISOFLURANE
CHEMBL1257015|PICOTAMIDE
CHEMBL1257040|TRIFLUOPERAZINE HYDROCHLORIDE
CHEMBL1257|ENFLURANE
CHEMBL12610|BENZYDAMINE
CHEMBL1261|CITRIC ACID
CHEMBL1263|SALMETEROL
CHEMBL1265|ADAPALENE
CHEMBL12713|SERTINDOLE
CHEMBL1272|REPAGLINIDE
CHEMBL1274|NILUTAMIDE
CHEMBL127516|BUTAMBEN
CHEMBL1275|PERGOLIDE MESYLATE
CHEMBL1276308|MIFEPRISTONE
CHEMBL1278|NARATRIPTAN
CHEMBL1280|VERAPAMIL HYDROCHLORIDE
CHEMBL1282|IMIQUIMOD
CHEMBL12856|INAMRINONE
CHEMBL1286|LEVETIRACETAM
CHEMBL1287853|FEDRATINIB
CHEMBL1289494|TIVOZANIB
CHEMBL1289601|LENVATINIB
CHEMBL1289926|AXITINIB
CHEMBL1289|HALOPROGIN
CHEMBL128|SUMATRIPTAN
CHEMBL1292|CLOFAZIMINE
CHEMBL1294|QUINIDINE
CHEMBL129|ZIDOVUDINE
CHEMBL12|DIAZEPAM
CHEMBL1301|HYDROXYSTILBAMIDINE
CHEMBL1303|ROTIGOTINE
CHEMBL1305|ANTAZOLINE
CHEMBL1306|TERCONAZOLE
CHEMBL1308|FOMEPIZOLE
CHEMBL130|CHLORAMPHENICOL
CHEMBL1311|ISOSORBIDE MONONITRATE
CHEMBL1314751|PROCHLORPERAZINE MALEATE
CHEMBL1314|TIOPRONIN
CHEMBL1315867|TERBUTALINE SULFATE
CHEMBL1316|CARPROFEN
CHEMBL1318287|PENTOLINIUM TARTRATE
CHEMBL1319139|BROMHEXINE HYDROCHLORIDE
CHEMBL1319362|HOMATROPINE HYDROBROMIDE
CHEMBL131|PREDNISOLONE
CHEMBL13209|NITRAZEPAM
CHEMBL1321|PROCARBAZINE
CHEMBL1323699|PADIMATE O
CHEMBL1324|TOLCAPONE
CHEMBL132530|FORMESTANE
CHEMBL13280|FLUNITRAZEPAM
CHEMBL1328|PENTAGASTRIN
CHEMBL1329455|MOLSIDOMINE
CHEMBL1329567|XAMOTEROL FUMARATE
CHEMBL1330729|CLENBUTEROL HYDROCHLORIDE
CHEMBL1334033|PERHEXILINE MALEATE
CHEMBL1336|SORAFENIB
CHEMBL13376|CLOMETACIN
CHEMBL1337|NITISINONE
CHEMBL1339|VARDENAFIL HYDROCHLORIDE
CHEMBL1341|METHOXYFLURANE
CHEMBL1345|GUANETHIDINE MONOSULFATE
CHEMBL1346|DARIFENACIN
CHEMBL1349|VALACYCLOVIR
CHEMBL134|CLONIDINE
CHEMBL1351|CARBOPLATIN
CHEMBL135400|ZOPICLONE
CHEMBL1354199|METHSCOPOLAMINE BROMIDE
CHEMBL1354|SODIUM ACETATE
CHEMBL1357648|AMODIAQUINE HYDROCHLORIDE
CHEMBL1358|FULVESTRANT
CHEMBL135|ESTRADIOL
CHEMBL1363|ARFORMOTEROL
CHEMBL1364144|METHYLPREDNISOLONE ACETATE
CHEMBL1364551|MINAPRINE HYDROCHLORIDE
CHEMBL136478|SODIUM NITROPRUSSIDE
CHEMBL1367605|RITODRINE HYDROCHLORIDE
CHEMBL1370561|AMINOPHYLLINE
CHEMBL1370|BUDESONIDE
CHEMBL1371200|CANRENOATE POTASSIUM
CHEMBL1371770|PIRIBEDIL
CHEMBL1371|CHLORZOXAZONE
CHEMBL1372950|NICERGOLINE
CHEMBL1372|OXIGLUTATIONE
CHEMBL1373254|CYCLOPENTHIAZIDE
CHEMBL1373|MODAFINIL
CHEMBL1375743|ZIPRASIDONE HYDROCHLORIDE
CHEMBL1378024|PROTIONAMIDE
CHEMBL137|METRONIDAZOLE
"CHEMBL1382627|SULFADIAZINE, SILVER"
CHEMBL13828|OXATOMIDE
CHEMBL1382|TOLTERODINE
CHEMBL1387|NORETHYNODREL
CHEMBL1388|MONOBENZONE
CHEMBL1389|LEVONORGESTREL
CHEMBL1393|SPIRONOLACTONE
CHEMBL1395|METHYLTESTOSTERONE
CHEMBL1396|VARENICLINE
CHEMBL1398126|AMILORIDE HYDROCHLORIDE
CHEMBL139835|CYPROTERONE ACETATE
CHEMBL1399|ANASTROZOLE
CHEMBL139|DICLOFENAC
CHEMBL1401|NITAZOXANIDE
CHEMBL1404|RANOLAZINE
CHEMBL14053|TRICHLOROACETIC ACID
CHEMBL1405|ESTRONE
CHEMBL14060|PHENOL
CHEMBL1408594|ALVERINE CITRATE
CHEMBL1409|FLUVOXAMINE MALEATE
CHEMBL1410808|CRESOL
CHEMBL1410|NONOXYNOL 9
CHEMBL1411731|TALAMPICILLIN HYDROCHLORIDE
CHEMBL1411979|METHAPYRILENE
CHEMBL141305|CYCLOFENIL
CHEMBL1417019|MITOXANTRONE HYDROCHLORIDE
CHEMBL1418176|METHANDROSTENOLONE
CHEMBL1421|DASATINIB
CHEMBL1423|PIMOZIDE
CHEMBL1425|MERCAPTOPURINE
CHEMBL142703|VILDAGLIPTIN
CHEMBL1428|NIMODIPINE
CHEMBL1429|DESMOPRESSIN
CHEMBL1431|METFORMIN
CHEMBL1433|DOXYCYCLINE ANHYDROUS
CHEMBL1434513|NOREPINEPHRINE BITARTRATE
CHEMBL1435|CEFAZOLIN
CHEMBL14370|REBOXETINE
CHEMBL14376|ILOPERIDONE
CHEMBL1437|NOREPINEPHRINE
CHEMBL1440|TETRACYCLINE
CHEMBL1441059|ALBUTEROL SULFATE
CHEMBL1442422|DIBENZEPIN
CHEMBL1444|LETROZOLE
CHEMBL1445|FLUOXYMESTERONE
CHEMBL1446650|MEBEVERINE HYDROCHLORIDE
CHEMBL144673|HEXETIDINE
CHEMBL1447476|BITHIONOLATE SODIUM
CHEMBL1447815|INDIUM CHLORIDE
CHEMBL1448187|FLUPHENAZINE HYDROCHLORIDE
CHEMBL1448|NICLOSAMIDE
CHEMBL1451116|IODOFORM
CHEMBL1451|TRIAMCINOLONE
CHEMBL1452696|FEPRAZONE
CHEMBL1453317|DIETHYLTOLUAMIDE
CHEMBL1455|ALTRETAMINE
CHEMBL1456|MYCOPHENOLATE MOFETIL
CHEMBL146095|GLAFENINE
CHEMBL1460|DIDANOSINE
CHEMBL1463345|CANRENONE
CHEMBL1464|WARFARIN
CHEMBL1465|PHENPROCOUMON
CHEMBL1466|DICUMAROL
CHEMBL1467|ALLOPURINOL
CHEMBL1471|APREPITANT
CHEMBL1472989|BISOPROLOL FUMARATE
CHEMBL1472|PROTIRELIN
CHEMBL1473|FLUTICASONE PROPIONATE
CHEMBL1474889|CLOBUTINOL
CHEMBL1475|TRIOXSALEN
CHEMBL1477036|DOCUSATE
CHEMBL1479848|ACETOMENAPHTHONE
CHEMBL1479|DANAZOL
CHEMBL1480987|CYCLANDELATE
CHEMBL1480|FELODIPINE
CHEMBL1481|GLIMEPIRIDE
CHEMBL1483|ALBENDAZOLE
CHEMBL1484251|CHLORHEXIDINE HYDROCHLORIDE
CHEMBL1484|NICARDIPINE
CHEMBL1485|ARGININE
CHEMBL1486|TENOFOVIR DISOPROXIL FUMARATE
CHEMBL1488|URACIL MUSTARD
CHEMBL1489|AZACITIDINE
CHEMBL1491|AMLODIPINE
CHEMBL1492500|DOTHIEPIN
CHEMBL1492|DIPHENYLPYRALINE
CHEMBL1493|FLAVOXATE
CHEMBL1497|BETAMETHASONE VALERATE
CHEMBL14|CARBACHOL
CHEMBL1501|FLUOCINONIDE
CHEMBL15023|TRIFLUPERIDOL
CHEMBL1502|PANTOPRAZOLE
CHEMBL1503|OMEPRAZOLE
CHEMBL1504|TRIAMCINOLONE ACETONIDE
CHEMBL1508|ESCITALOPRAM
CHEMBL1509|DROSPIRENONE
CHEMBL1511|ESTRADIOL VALERATE
CHEMBL1512677|AMYLMETACRESOL
CHEMBL1512|FLUNISOLIDE
CHEMBL1513|IRBESARTAN
CHEMBL1514715|ETHAMSYLATE
CHEMBL1515|METHIMAZOLE
CHEMBL1516474|TEGASEROD MALEATE
CHEMBL1517|OXYTETRACYCLINE
CHEMBL1518|PROPYLTHIOURACIL
CHEMBL1519|TRANDOLAPRIL
CHEMBL1521|ZALEPLON
CHEMBL1522|ESZOPICLONE
CHEMBL1523964|EPHEDRINE SULFATE
CHEMBL1524273|PHTHALYLSULFATHIAZOLE
CHEMBL15245|YOHIMBINE
CHEMBL1525|PERMETHRIN
CHEMBL1528134|BENZYDAMINE HYDROCHLORIDE
CHEMBL1528839|PHENFORMIN HYDROCHLORIDE
CHEMBL1529|DIPHENIDOL HYDROCHLORIDE
CHEMBL1530428|DEXAMETHASONE ACETATE
CHEMBL1531|ETONOGESTREL
CHEMBL1532|QUINETHAZONE
CHEMBL1533310|HISTAMINE DIHYDROCHLORIDE
CHEMBL1533|DESOGESTREL
CHEMBL1534525|MIBEFRADIL DIHYDROCHLORIDE
CHEMBL1534|RIBOFLAVIN
CHEMBL1536|ERGOCALCIFEROL
CHEMBL1540|PENCICLOVIR
CHEMBL1541|CEFIXIME
CHEMBL1542|AZATHIOPRINE
CHEMBL1544|LIOTHYRONINE
CHEMBL1549|HYDROCORTISONE CYPIONATE
CHEMBL154|NAPROXEN
CHEMBL1551365|ETHYL NITRITE [SPIRIT]
CHEMBL1551|URSODIOL
CHEMBL1554|DACTINOMYCIN
CHEMBL1555|GALANTAMINE HYDROBROMIDE
CHEMBL1557|DOPAMINE HYDROCHLORIDE
CHEMBL1558|PRAZOSIN HYDROCHLORIDE
CHEMBL1559|MICONAZOLE NITRATE
CHEMBL1560089|XANTHINOL NIACINATE
CHEMBL1560|CAPTOPRIL
CHEMBL1561|MIGLITOL
CHEMBL1562610|MECLOFENAMATE SODIUM
CHEMBL1563|DAUNORUBICIN HYDROCHLORIDE
CHEMBL1564|DIPHENYLPYRALINE HYDROCHLORIDE
CHEMBL1565476|APAZONE
CHEMBL1566|ACARBOSE
CHEMBL1567328|OMEPRAZOLE MAGNESIUM
CHEMBL15677|FENCLOFENAC
CHEMBL1567|SUNITINIB MALATE
CHEMBL1568057|METAPROTERENOL SULFATE
CHEMBL1568276|NAFCILLIN SODIUM
CHEMBL1569487|LORNOXICAM
CHEMBL1569|AMANTADINE HYDROCHLORIDE
CHEMBL157101|KETOCONAZOLE
CHEMBL1571863|ISOCONAZOLE
CHEMBL1571|TESTOLACTONE
CHEMBL1574|PHENTERMINE
CHEMBL15770|SULINDAC
CHEMBL1577|METHYCLOTHIAZIDE
CHEMBL1578|ANISOTROPINE METHYLBROMIDE
CHEMBL1580|PENTOSTATIN
CHEMBL1584|PIPERACETAZINE
CHEMBL1585|PIPOBROMAN
CHEMBL15870|INDOPROFEN
CHEMBL1587|POLYTHIAZIDE
CHEMBL1588|THIAMINE
CHEMBL1589|ACETOHEXAMIDE
CHEMBL1590946|CEFSULODIN SODIUM
CHEMBL1590|PSEUDOEPHEDRINE
CHEMBL1591|DEMECLOCYCLINE
CHEMBL1592101|BISMUTH SUBGALLATE
CHEMBL159226|MOXISYLYTE
CHEMBL1593558|DEBRISOQUIN SULFATE
CHEMBL1593906|LEVOPROPOXYPHENE NAPSYLATE
CHEMBL1596|CARBENICILLIN INDANYL
CHEMBL1597|DIMERCAPROL
CHEMBL1599768|PYRANTEL PAMOATE
CHEMBL159|VINBLASTINE
CHEMBL1601669|ALFACALCIDOL
CHEMBL1601|CEFONICID
CHEMBL1607273|CETIRIZINE HYDROCHLORIDE
CHEMBL16073|PHENACETIN
CHEMBL1607480|OXYTETRACYCLINE HYDROCHLORIDE
CHEMBL1607|TOPOTECAN HYDROCHLORIDE
CHEMBL160|CYCLOSPORINE
CHEMBL1611|PHENYTOIN SODIUM
CHEMBL1614701|SELUMETINIB
CHEMBL1614|DESLANOSIDE
CHEMBL1615369|DABIGATRAN ETEXILATE MESYLATE
CHEMBL1615372|LURASIDONE HYDROCHLORIDE
CHEMBL1615374|VILAZODONE HYDROCHLORIDE
CHEMBL1615779|IOBENGUANE I 131
CHEMBL1616|APOMORPHINE HYDROCHLORIDE
CHEMBL1617|RIFAXIMIN
CHEMBL1619|CLADRIBINE
CHEMBL161|CEFTRIAXONE
CHEMBL1620|DIPHENHYDRAMINE HYDROCHLORIDE
CHEMBL1621|PALIPERIDONE
CHEMBL1622|FOLIC ACID
CHEMBL1624|LEVOTHYROXINE
CHEMBL1625|OXYBENZONE
CHEMBL1626570|HEXOCYCLIUM METHYLSULFATE
CHEMBL1626|CLEMASTINE
CHEMBL1628227|DOXEPIN
CHEMBL1628234|DOXEPIN HYDROCHLORIDE
CHEMBL1628502|GABAPENTIN ENACARBIL
CHEMBL1632|CEPHALOTHIN SODIUM
CHEMBL1633|KETOTIFEN FUMARATE
CHEMBL1637|GEMCITABINE HYDROCHLORIDE
CHEMBL163|RITONAVIR
CHEMBL1642|IMATINIB MESYLATE
CHEMBL1643|RIBAVIRIN
CHEMBL1646|INDOCYANINE GREEN
CHEMBL16476|PRONETALOL
CHEMBL1648|ISRADIPINE
CHEMBL1650|CORTISONE ACETATE
CHEMBL1653|PHENIRAMINE MALEATE
CHEMBL1654|RISEDRONATE SODIUM
CHEMBL1657|TAZAROTENE
CHEMBL1659|CHLORPHENIRAMINE MALEATE
CHEMBL1660|RIFAPENTINE
CHEMBL1668|RESCINNAMINE
CHEMBL1670|MITOTANE
CHEMBL167150|TRICHLORFON
CHEMBL1671|PROPRANOLOL HYDROCHLORIDE
CHEMBL1676|FLUTICASONE FUROATE
CHEMBL1677|TACRINE HYDROCHLORIDE
CHEMBL1678|DONEPEZIL HYDROCHLORIDE
CHEMBL1680|OCTREOTIDE
CHEMBL1683544|ERIBULIN MESYLATE
CHEMBL1683|HYDROCORTISONE BUTYRATE
CHEMBL1684|BENDROFLUMETHIAZIDE
CHEMBL1685|DEZOCINE
CHEMBL1689|TOLAZOLINE HYDROCHLORIDE
CHEMBL1690|HYDROXYCHLOROQUINE SULFATE
CHEMBL1691|BETAXOLOL HYDROCHLORIDE
CHEMBL1692|IMIPRAMINE HYDROCHLORIDE
CHEMBL1693|DIETHYLPROPION HYDROCHLORIDE
CHEMBL1694|BENAZEPRIL HYDROCHLORIDE
CHEMBL1695|TIAGABINE HYDROCHLORIDE
CHEMBL1696|DESIPRAMINE HYDROCHLORIDE
CHEMBL1697737|CLOTIAZEPAM
CHEMBL1697843|METILDIGOXIN
CHEMBL1697|DILTIAZEM HYDROCHLORIDE
CHEMBL1698|BUPROPION HYDROCHLORIDE
CHEMBL169901|DEBRISOQUIN
CHEMBL1699|MEMANTINE HYDROCHLORIDE
CHEMBL16|PHENYTOIN
CHEMBL1700|SOTALOL HYDROCHLORIDE
CHEMBL1701|MEPERIDINE HYDROCHLORIDE
CHEMBL1702|ATOMOXETINE HYDROCHLORIDE
CHEMBL1703|METFORMIN HYDROCHLORIDE
CHEMBL1705709|SODIUM FEREDETATE
CHEMBL1705|CLONIDINE HYDROCHLORIDE
CHEMBL1706|NAPHAZOLINE HYDROCHLORIDE
CHEMBL1707|LOPERAMIDE HYDROCHLORIDE
CHEMBL1708|PAROXETINE HYDROCHLORIDE
CHEMBL170988|PHENFORMIN
CHEMBL1709|SERTRALINE HYDROCHLORIDE
CHEMBL1711|ISOPROTERENOL HYDROCHLORIDE
CHEMBL1712842|MEPAZINE ACETATE
CHEMBL1713|CHLORPROMAZINE HYDROCHLORIDE
CHEMBL1714|KETAMINE HYDROCHLORIDE
CHEMBL17157|TERFENADINE
CHEMBL1715|PIOGLITAZONE HYDROCHLORIDE
CHEMBL1716|CYPROHEPTADINE HYDROCHLORIDE
CHEMBL1717|TICLOPIDINE HYDROCHLORIDE
CHEMBL1718|NALOXONE HYDROCHLORIDE
CHEMBL1719|OLOPATADINE HYDROCHLORIDE
CHEMBL1720|PALONOSETRON HYDROCHLORIDE
CHEMBL1722209|TOLTERODINE TARTRATE
CHEMBL1722|METHYLPHENIDATE HYDROCHLORIDE
CHEMBL1723|ALFUZOSIN HYDROCHLORIDE
CHEMBL1724|MEPENZOLATE BROMIDE
CHEMBL1725730|LEVOMEPROMAZINE MALEATE
CHEMBL1726|NISOLDIPINE
CHEMBL1727|CEPHALEXIN
CHEMBL1728|LOMEFLOXACIN HYDROCHLORIDE
CHEMBL1729|CISAPRIDE
CHEMBL1730|CEFOTAXIME
CHEMBL1732|DIHYDROERGOTAMINE
CHEMBL1734|SOLIFENACIN
CHEMBL1735|INDINAVIR SULFATE
CHEMBL1737|SILDENAFIL CITRATE
CHEMBL1738|DEXRAZOXANE
CHEMBL1739|METOCURINE IODIDE
CHEMBL1740659|FURSULTIAMINE
CHEMBL1742423|BILASTINE
CHEMBL1742471|EBROTIDINE
CHEMBL1742982|AFLIBERCEPT
CHEMBL1742990|BELATACEPT
CHEMBL1742991|BENRALIZUMAB
CHEMBL1742992|BLINATUMOMAB
CHEMBL1742994|BRENTUXIMAB VEDOTIN
CHEMBL1742996|BRODALUMAB
CHEMBL1743007|DARATUMUMAB
CHEMBL1743010|ELOTUZUMAB
CHEMBL1743029|IBALIZUMAB
CHEMBL1743034|IXEKIZUMAB
CHEMBL1743041|MOGAMULIZUMAB
CHEMBL1743043|MOXETUMOMAB PASUDOTOX
CHEMBL1743047|NECITUMUMAB
CHEMBL1743048|OBINUTUZUMAB
CHEMBL1743049|OLARATUMAB
CHEMBL1743062|RAMUCIRUMAB
CHEMBL1743068|SECUKINUMAB
CHEMBL1743070|SILTUXIMAB
CHEMBL1743079|TEPROTUMUMAB
CHEMBL1743082|TRASTUZUMAB EMTANSINE
CHEMBL1743087|VEDOLIZUMAB
CHEMBL1744447|ROSUVASTATIN CALCIUM
CHEMBL174|AMPICILLIN
CHEMBL1750|CLOFARABINE
CHEMBL1751|DIGOXIN
CHEMBL175247|ORLISTAT
CHEMBL1752|DYPHYLLINE
CHEMBL1755|CONIVAPTAN
CHEMBL175|DEXIBUPROFEN
CHEMBL1761|PROCYCLIDINE HYDROCHLORIDE
CHEMBL1763|HYDROFLUMETHIAZIDE
CHEMBL1764|LEVOMEPROMAZINE
CHEMBL1766|DESOXIMETASONE
CHEMBL1768|BETHANECHOL CHLORIDE
CHEMBL1769|PROPOXYCAINE HYDROCHLORIDE
CHEMBL1770248|ERTUGLIFLOZIN
CHEMBL1770|LEVAMISOLE HYDROCHLORIDE
CHEMBL1771|CLOPIDOGREL
CHEMBL1773|CAPECITABINE
CHEMBL177|AMIKACIN
CHEMBL17860|LOFEXIDINE
CHEMBL17879|MARALIXIBAT CHLORIDE
CHEMBL1788132|LOFEXIDINE HYDROCHLORIDE
CHEMBL1789842|INDACATEROL MALEATE
CHEMBL1789843|BELIMUMAB
CHEMBL1789844|IPILIMUMAB
CHEMBL178|DAUNORUBICIN
CHEMBL1790041|RANITIDINE
CHEMBL1795071|RUXOLITINIB PHOSPHATE
CHEMBL1795072|ZICONOTIDE ACETATE
CHEMBL17|DICHLORPHENAMIDE
CHEMBL1800159|RELUGOLIX
CHEMBL180022|NERATINIB
CHEMBL181|DIAZOXIDE
CHEMBL182|GANCICLOVIR
CHEMBL1834657|INFIGRATINIB PHOSPHATE
CHEMBL184412|DRONEDARONE
CHEMBL18442|PLERIXAFOR
CHEMBL184|ACYCLOVIR
CHEMBL185073|PANCURONIUM
CHEMBL1852688|INFIGRATINIB
CHEMBL185|FLUOROURACIL
CHEMBL1868702|GESTRINONE
CHEMBL1873475|IBRUTINIB
CHEMBL187709|TRIPARANOL
CHEMBL1887891|DEXFENFLURAMINE HYDROCHLORIDE
CHEMBL1889140|ROPIVACAINE HYDROCHLORIDE
CHEMBL1889436|OUABAIN
CHEMBL188952|PIRPROFEN
CHEMBL189171|ACEMETACIN
CHEMBL189963|PALBOCICLIB
CHEMBL189|MILRINONE
CHEMBL18|ETHOXZOLAMIDE
CHEMBL19019|NALTREXONE
CHEMBL190461|CANNABIDIOL
CHEMBL1905872|DOCUSATE SODIUM
CHEMBL1908360|EVEROLIMUS
CHEMBL1908373|ONAPRISTONE
CHEMBL1908377|PYRVINIUM PAMOATE
CHEMBL1909283|MEBANAZINE
CHEMBL1909285|NITREFAZOLE
CHEMBL1909286|PHENOXYPROPAZINE
CHEMBL1909298|PINAVERIUM BROMIDE
CHEMBL1909324|PINAVERIUM
CHEMBL190|THEOPHYLLINE
CHEMBL191083|METHYLENE BLUE
CHEMBL191|LOSARTAN
CHEMBL19215|METERGOLINE
CHEMBL19224|PAPAVERINE
CHEMBL19236|MOXONIDINE
CHEMBL192|SILDENAFIL
CHEMBL193240|ROFLUMILAST
CHEMBL193482|ESTRIOL
CHEMBL193|NIFEDIPINE
CHEMBL1946170|REGORAFENIB
CHEMBL1951071|ARFORMOTEROL TARTRATE
CHEMBL1963681|AVANAFIL
CHEMBL1963683|TAFLUPROST
CHEMBL1963684|PEGINESATIDE ACETATE
CHEMBL196|ASCORBIC ACID
CHEMBL1983268|ENTRECTINIB
CHEMBL198362|RIVAROXABAN
CHEMBL19|METHAZOLAMIDE
CHEMBL2003538|CETYLPYRIDINIUM CHLORIDE
CHEMBL2005186|BELUMOSUDIL
CHEMBL2007641|PERTUZUMAB
CHEMBL2010601|IVACAFTOR
CHEMBL201960|PYROVALERONE
CHEMBL2021430|DEXAMETHASONE SODIUM PHOSPHATE
CHEMBL2024517|CARIPRAZINE HYDROCHLORIDE
CHEMBL2028019|CARIPRAZINE
CHEMBL2028663|DABRAFENIB
CHEMBL2028850|ICATIBANT
CHEMBL2028852|ICATIBANT ACETATE
CHEMBL2028987|DEGARELIX ACETATE
CHEMBL203266|TRIMETAZIDINE
CHEMBL2040682|CICLESONIDE
CHEMBL2043437|GLASDEGIB
CHEMBL2048028|LIFITEGRAST
CHEMBL2062163|PHENDIMETRAZINE TARTRATE
CHEMBL2062257|BRIMONIDINE TARTRATE
CHEMBL2062259|VARENICLINE TARTRATE
CHEMBL2062262|METARAMINOL BITARTRATE
CHEMBL2062264|PHENYLEPHRINE BITARTRATE
CHEMBL2062266|DIHYDROCODEINE BITARTRATE
CHEMBL2062276|LEVALLORPHAN TARTRATE
CHEMBL2062335|METOPROLOL TARTRATE
CHEMBL206253|NETUPITANT
CHEMBL2068724|ACAMPROSATE CALCIUM
CHEMBL2070241|BREMELANOTIDE
CHEMBL207538|BREXANOLONE
CHEMBL2079587|STANOZOLOL
CHEMBL20883|TEGAFUR
CHEMBL2095208|COBICISTAT
CHEMBL2095211|LORCASERIN HYDROCHLORIDE
CHEMBL2095212|MIRABEGRON
CHEMBL2095222|OCRIPLASMIN
CHEMBL2096631|CLORAZEPATE DIPOTASSIUM
CHEMBL2096642|INAMRINONE LACTATE
CHEMBL20|ACETAZOLAMIDE
CHEMBL2103735|CETRORELIX ACETATE
CHEMBL2103736|FENOPROFEN CALCIUM
CHEMBL2103738|LITHIUM CITRATE
CHEMBL2103739|EMEDASTINE DIFUMARATE
CHEMBL2103741|LEVOTHYROXINE SODIUM
CHEMBL2103743|TOFACITINIB CITRATE
CHEMBL2103744|MORPHINE SULFATE
CHEMBL2103749|BIVALIRUDIN
CHEMBL2103784|COSYNTROPIN
CHEMBL2103795|AZILSARTAN KAMEDOXOMIL
CHEMBL2103802|DAPAGLIFLOZIN PROPYLENE GLYCOL
CHEMBL2103822|TASIMELTEON
CHEMBL2103827|DROXIDOPA
CHEMBL2103830|FOSTAMATINIB
CHEMBL2103837|TAFAMIDIS
CHEMBL2103846|ULIPRISTAL
CHEMBL2103855|TELOTRISTAT
CHEMBL2103867|PLECANATIDE
CHEMBL2103868|CABOZANTINIB S-MALATE
CHEMBL2103870|LUMACAFTOR
CHEMBL2103873|MACITENTAN
CHEMBL2103875|TRAMETINIB
CHEMBL2103883|AVATROMBOPAG
CHEMBL2104391|INSULIN DETEMIR
CHEMBL2104793|PYROVALERONE HYDROCHLORIDE
CHEMBL2104987|TEDUGLUTIDE
CHEMBL2105233|PROXIBARBAL
CHEMBL2105345|PROPANIDID
CHEMBL2105395|OSPEMIFENE
CHEMBL2105458|THENALIDINE
CHEMBL2105527|TETRAZEPAM
CHEMBL2105581|VERALIPRIDE
CHEMBL2105613|DIVALPROEX SODIUM
CHEMBL2105618|ALLYLESTRENOL
CHEMBL2105662|LOMITAPIDE MESYLATE
CHEMBL2105675|TAFAMIDIS MEGLUMINE
CHEMBL2105682|EDOXABAN TOSYLATE
CHEMBL2105684|SELUMETINIB SULFATE
CHEMBL2105689|LULICONAZOLE
CHEMBL2105695|TELOTRISTAT ETHYL
CHEMBL2105704|LENVATINIB MESYLATE
CHEMBL2105708|PONATINIB HYDROCHLORIDE
CHEMBL2105712|AFATINIB DIMALEATE
CHEMBL2105717|CABOZANTINIB
CHEMBL2105719|DACOMITINIB
CHEMBL2105729|DABRAFENIB MESYLATE
CHEMBL2105732|LEVOMILNACIPRAN HYDROCHLORIDE
CHEMBL2105740|SITAXENTAN SODIUM
CHEMBL2105741|TRAMETINIB DIMETHYL SULFOXIDE
CHEMBL2105743|OLODATEROL HYDROCHLORIDE
CHEMBL2105748|PRUCALOPRIDE SUCCINATE
CHEMBL2105749|SAMIDORPHAN L-MALATE
CHEMBL2105755|NALDEMEDINE
CHEMBL2105756|TIVOZANIB HYDROCHLORIDE
CHEMBL2105758|AVATROMBOPAG MALEATE
CHEMBL2105759|BARICITINIB
CHEMBL2105760|BREXPIPRAZOLE
CHEMBL2105842|CORTIVAZOL
CHEMBL2106155|ENCAINIDE HYDROCHLORIDE
CHEMBL2106195|DEXMEDETOMIDINE HYDROCHLORIDE
CHEMBL2106217|FENFLURAMINE HYDROCHLORIDE
CHEMBL2106419|LERCANIDIPINE HYDROCHLORIDE
CHEMBL2106483|VILOXAZINE HYDROCHLORIDE
CHEMBL2106615|BAZEDOXIFENE ACETATE
CHEMBL2106829|METHAQUALONE HYDROCHLORIDE
CHEMBL2107067|TESTOSTERONE UNDECANOATE
CHEMBL2107333|DIMETHYL FUMARATE
CHEMBL2107354|MIFAMURTIDE
CHEMBL2107355|MIGALASTAT HYDROCHLORIDE
CHEMBL2107360|PALIPERIDONE PALMITATE
CHEMBL2107386|VORAPAXAR SULFATE
CHEMBL2107387|VORTIOXETINE HYDROBROMIDE
CHEMBL2107797|NORGESTREL
CHEMBL2107815|TREPROSTINIL DIOLAMINE
CHEMBL2107826|VIBEGRON
CHEMBL2107830|EMPAGLIFLOZIN
CHEMBL2107831|LUSUTROMBOPAG
CHEMBL2107834|RIOCIGUAT
CHEMBL2107841|ALBIGLUTIDE
CHEMBL2107857|METRELEPTIN
CHEMBL2107869|INSULIN DEGLUDEC
CHEMBL2107874|ROMOSOZUMAB
CHEMBL2107884|RESLIZUMAB
CHEMBL2108027|DULAGLUTIDE
CHEMBL2108035|INCOBOTULINUMTOXINA
CHEMBL2108041|OCRELIZUMAB
CHEMBL2108078|PARATHYROID HORMONE
CHEMBL2108184|CROFELEMER
CHEMBL2108185|CORIFOLLITROPIN ALFA
CHEMBL2108222|ALOXIPRIN
CHEMBL2108290|EPOETIN THETA
CHEMBL2108336|LIXISENATIDE
CHEMBL2108427|MENOTROPINS
CHEMBL2108429|MEPOLIZUMAB
CHEMBL2108508|INTERFERON ALFA-2A
CHEMBL2108570|ABOBOTULINUMTOXINA
CHEMBL2108581|CATUMAXOMAB
CHEMBL2108593|EPOETIN ZETA
CHEMBL2108611|INOTUZUMAB OZOGAMICIN
CHEMBL2108667|YTTRIUM Y 90 IBRITUMOMAB TIUXETAN
CHEMBL2108675|DUPILUMAB
CHEMBL2108677|PEGINTERFERON BETA-1A
CHEMBL2108681|TILDRAKIZUMAB
CHEMBL2108709|COLLAGENASE CLOSTRIDIUM HISTOLYTICUM
CHEMBL2108724|SEMAGLUTIDE
CHEMBL2108730|SARILUMAB
CHEMBL2108738|NIVOLUMAB
CHEMBL2108806|BEMIPARIN SODIUM
CHEMBL2108986|ARGIPRESSIN TANNATE
CHEMBL2109036|IGOVOMAB
CHEMBL2109047|INTERFERON ALFA-N3
CHEMBL2109065|DROTRECOGIN ALFA (ACTIVATED)
CHEMBL2109092|EPOETIN BETA
CHEMBL2109093|EPOETIN DELTA
CHEMBL2109128|LENOGRASTIM
CHEMBL2109334|INEBILIZUMAB
CHEMBL2109540|ALIROCUMAB
CHEMBL2109624|CAPLACIZUMAB
CHEMBL2110368|BETHANIDINE SULFATE
CHEMBL2110372|RANITIDINE HYDROCHLORIDE
CHEMBL2110725|VINFLUNINE
CHEMBL2110732|DACOMITINIB
CHEMBL2110774|CHLORPHENOXAMINE
CHEMBL2110824|BUSERELIN
CHEMBL2110900|DAPOXETINE
CHEMBL2111101|PIMAVANSERIN
CHEMBL2111286|RANITIDINE BISMUTH CITRATE
CHEMBL2111290|TESAMORELIN ACETATE
CHEMBL211471|NEOSTIGMINE METHYLSULFATE
CHEMBL2134724|IPRATROPIUM BROMIDE
CHEMBL2138684|FROVATRIPTAN SUCCINATE
CHEMBL2141296|IXAZOMIB
CHEMBL2145077|IVABRADINE HYDROCHLORIDE
CHEMBL2146063|CHLORTETRACYCLINE HYDROCHLORIDE
CHEMBL2146102|EPHEDRINE HYDROCHLORIDE
CHEMBL2146123|METHACYCLINE HYDROCHLORIDE
CHEMBL2146124|CEFUROXIME SODIUM
CHEMBL2146133|ESOMEPRAZOLE MAGNESIUM
CHEMBL2146140|ESOMEPRAZOLE STRONTIUM
CHEMBL2146146|ATROPINE SULFATE
CHEMBL2146883|COBIMETINIB
CHEMBL215645|RIVASTIGMINE TARTRATE
CHEMBL2159122|ELUXADOLINE
CHEMBL21731|MAPROTILINE
CHEMBL2178422|RIMEGEPANT
CHEMBL2181927|FINERENONE
CHEMBL219916|DOMPERIDONE
CHEMBL21|SULFANILAMIDE
CHEMBL220491|BRINZOLAMIDE
CHEMBL220492|TOPIRAMATE
CHEMBL22108|DIMETHINDENE
CHEMBL2216870|IDELALISIB
CHEMBL2218894|FLUVASTATIN SODIUM
CHEMBL2218896|NABILONE
CHEMBL2218917|CEVIMELINE HYDROCHLORIDE
CHEMBL2218919|VOCLOSPORIN
CHEMBL2219416|NALOXEGOL OXALATE
CHEMBL2219425|ARIPIPRAZOLE LAUROXIL
CHEMBL221959|TOFACITINIB
CHEMBL22242|REMOXIPRIDE
CHEMBL222863|OUABAIN
CHEMBL223228|EFAVIRENZ
CHEMBL224325|CHLORQUINALDOL
CHEMBL225071|RALTITREXED
CHEMBL225072|PEMETREXED
CHEMBL227529|ALOGLIPTIN BENZOATE
CHEMBL22|TRIMETHOPRIM
CHEMBL2311030|ERGOLOID MESYLATES
CHEMBL231779|APIXABAN
CHEMBL231884|DIOSMIN
CHEMBL232201|BENZIODARONE
CHEMBL2336071|SIPONIMOD
CHEMBL2354773|AUROTHIOGLUCOSE
CHEMBL2355051|CLOMIPHENE
CHEMBL2355333|ZIMELDINE HYDROCHLORIDE
CHEMBL2355456|IBUTILIDE FUMARATE
CHEMBL2356023|DIHYDROTACHYSTEROL
CHEMBL2356097|METOPROLOL SUCCINATE
CHEMBL2358147|CARPHENAZINE MALEATE
CHEMBL23588|FLUFENAMIC ACID
CHEMBL2359093|ROSE BENGAL SODIUM
CHEMBL2359670|THIETHYLPERAZINE MALATE
CHEMBL2359966|QUININE SULFATE
CHEMBL2360079|ACETOPHENAZINE MALEATE
CHEMBL2360464|PEMETREXED DISODIUM
CHEMBL2360580|BUCLIZINE HYDROCHLORIDE
CHEMBL2360628|ACRIFLAVINE
CHEMBL2361370|PENBUTOLOL SULFATE
CHEMBL2362016|ARSENIC TRIOXIDE
CHEMBL2364574|DOXYCYCLINE CALCIUM
CHEMBL2364607|COBIMETINIB FUMARATE
CHEMBL2364609|ESKETAMINE HYDROCHLORIDE
CHEMBL2364612|LATANOPROSTENE BUNOD
CHEMBL2364617|MACIMORELIN ACETATE
CHEMBL2364629|RIMEGEPANT SULFATE
CHEMBL2364638|UBROGEPANT
CHEMBL2364639|VALBENAZINE
CHEMBL2364648|GUSELKUMAB
CHEMBL2364649|MARGETUXIMAB
CHEMBL2364653|ANIFROLUMAB
CHEMBL2364655|EVOLOCUMAB
CHEMBL2368861|BUPRENORPHINE HYDROCHLORIDE
CHEMBL2368924|DOLASETRON MESYLATE
CHEMBL2368925|DOLASETRON
CHEMBL237500|LINAGLIPTIN
CHEMBL238804|SELEXIPAG
CHEMBL239243|TAURINE
CHEMBL2396661|ALPELISIB
CHEMBL23|DILTIAZEM
CHEMBL2403108|CERITINIB
CHEMBL240597|CHENODIOL
CHEMBL24072|PRENYLAMINE
CHEMBL24147|RESORCINOL
CHEMBL24171|BERGAPTEN
CHEMBL242580|CICLOPIROX OLAMINE
CHEMBL243712|AMISULPRIDE
CHEMBL2443262|OLICERIDINE
CHEMBL24441|BETAHISTINE
CHEMBL2448612|ERGOTAMINE TARTRATE
CHEMBL2448613|PIMAVANSERIN TARTRATE
CHEMBL244888|NIFUROXAZIDE
CHEMBL24778|SILODOSIN
CHEMBL24828|VANDETANIB
CHEMBL24944|TRIBROMSALAN
CHEMBL249856|ENOXIMONE
CHEMBL24|ATENOLOL
CHEMBL250270|LERCANIDIPINE
CHEMBL251940|PERICIAZINE
CHEMBL252556|IDEBENONE
CHEMBL253371|ALVERINE
CHEMBL253582|SUCROSE
CHEMBL254219|DIGITOXIN
CHEMBL254328|ABIRATERONE
CHEMBL254857|FIPEXIDE
CHEMBL255863|NILOTINIB
CHEMBL256087|MENTHOL
CHEMBL256997|ATALUREN
CHEMBL25|ASPIRIN
CHEMBL260538|ULIPRISTAL ACETATE
CHEMBL261772|MECLOCYCLINE SULFOSALICYLATE
CHEMBL264374|BEZAFIBRATE
CHEMBL266481|GLUCAGON
CHEMBL267345|AMPHOTERICIN B
CHEMBL267936|MECAMYLAMINE
CHEMBL268869|SULFAMETHOXYPYRIDAZINE
CHEMBL269732|TACROLIMUS
CHEMBL26|SULPIRIDE
CHEMBL270190|ALVIMOPAN
CHEMBL271227|ABIRATERONE ACETATE
CHEMBL273575|NOMIFENSINE
CHEMBL276520|INDALPINE
CHEMBL276832|HYDRALAZINE
CHEMBL277062|BROMAZEPAM
CHEMBL277474|ANTIPYRINE
CHEMBL277522|FENBUFEN
CHEMBL277535|BIFONAZOLE
CHEMBL27810|CELIPROLOL
CHEMBL278172|BENZOCAINE
CHEMBL278623|MACIMORELIN
CHEMBL278819|MINAPRINE
CHEMBL279816|TRICHLOROETHYLENE
CHEMBL27|PROPRANOLOL
CHEMBL282042|SAQUINAVIR MESYLATE
CHEMBL282052|METHAQUALONE
CHEMBL28218|BROMPERIDOL
CHEMBL282575|ESTRADIOL BENZOATE
CHEMBL282724|SITAXENTAN
CHEMBL284348|DALFAMPRIDINE
CHEMBL285674|ESTAZOLAM
CHEMBL285802|ZOTEPINE
CHEMBL288441|BOSUTINIB
CHEMBL288470|AMINOPYRINE
CHEMBL289469|GRANISETRON
CHEMBL290106|BITHIONOL
CHEMBL290916|EDARAVONE
CHEMBL29411|THYMOL
CHEMBL294199|CAPSAICIN
CHEMBL296419|ASTEMIZOLE
CHEMBL296913|PARECOXIB SODIUM
CHEMBL297302|BENPERIDOL
CHEMBL298734|LONAFARNIB
CHEMBL299400|BUTORPHANOL TARTRATE
CHEMBL2|PRAZOSIN
CHEMBL30008|FLUNARIZINE
CHEMBL301265|PRAMIPEXOLE
CHEMBL30219|METHOHEXITAL SODIUM
CHEMBL302795|TENOXICAM
CHEMBL3039502|DUVELISIB
CHEMBL3039504|NINTEDANIB ESYLATE
CHEMBL3039507|SOTAGLIFLOZIN
CHEMBL3039508|NALDEMEDINE TOSYLATE
CHEMBL3039520|LASMIDITAN
CHEMBL3039526|LASMIDITAN SUCCINATE
CHEMBL3039540|ADUCANUMAB
CHEMBL3039545|LUSPATERCEPT
CHEMBL3039582|SECRETIN
CHEMBL3039588|PASIREOTIDE DIASPARTATE
CHEMBL3039596|FOSINOPRIL SODIUM
CHEMBL304902|CLOTHIAPINE
CHEMBL305187|IFENPRODIL
CHEMBL305906|CETYLPYRIDINIUM
CHEMBL306823|SODIUM DICHLOROACETATE
CHEMBL307145|PYROGALLOL
CHEMBL3084748|TROSPIUM CHLORIDE
CHEMBL30|CIMETIDINE
CHEMBL311498|CIANIDANOL
CHEMBL312448|XYLOMETAZOLINE
CHEMBL3137301|SACUBITRIL
CHEMBL3137309|VENETOCLAX
CHEMBL3137310|BENZHYDROCODONE HYDROCHLORIDE
CHEMBL3137317|SONIDEGIB PHOSPHATE
CHEMBL3137318|TALAZOPARIB TOSYLATE
CHEMBL3137320|TALAZOPARIB
CHEMBL3137326|DUTETRABENAZINE
CHEMBL3137343|PEMBROLIZUMAB
CHEMBL313972|MASOPROCOL
CHEMBL3142541|BUTAMBEN PICRATE
CHEMBL314437|MEPTAZINOL
CHEMBL314854|FINGOLIMOD
CHEMBL315795|CLOMETHIAZOLE
CHEMBL315985|ESLICARBAZEPINE
CHEMBL316561|PROGLUMIDE
CHEMBL317094|IMIDAPRIL
CHEMBL3182733|PRAMIPEXOLE DIHYDROCHLORIDE
CHEMBL3183075|NIZATIDINE
CHEMBL3183409|APALUTAMIDE
CHEMBL3183968|CEFTRIAXONE SODIUM
CHEMBL3184143|GUANADREL SULFATE
CHEMBL3184437|DICHLOROBENZYL ALCOHOL
CHEMBL3184799|MEPHENTERMINE SULFATE
CHEMBL3185958|CLOMIPHENE CITRATE
CHEMBL3186492|ONDANSETRON HYDROCHLORIDE
CHEMBL3186993|HYDROXYZINE HYDROCHLORIDE
CHEMBL3187246|METHAPYRILENE FUMARATE
CHEMBL3187365|ASENAPINE
CHEMBL3187723|BINIMETINIB
CHEMBL3188034|TRIPROLIDINE HYDROCHLORIDE
CHEMBL3188267|CAPMATINIB
CHEMBL3188993|QUETIAPINE FUMARATE
CHEMBL3189072|TIROFIBAN HYDROCHLORIDE
CHEMBL31|GATIFLOXACIN
CHEMBL3218576|COPANLISIB
CHEMBL3233142|LUMATEPERONE TOSYLATE
CHEMBL3237547|CEDAZURIDINE
CHEMBL3244648|METHOTREXATE SODIUM
CHEMBL325041|BORTEZOMIB
CHEMBL325109|CLEBOPRIDE
CHEMBL32800|FENOTEROL
CHEMBL328190|LASOFOXIFENE
CHEMBL328560|SULTHIAME
CHEMBL3286830|LORLATINIB
CHEMBL3301574|TISAGENLECLEUCEL
CHEMBL3301581|ABALOPARATIDE
CHEMBL3301582|POLATUZUMAB VEDOTIN
CHEMBL3301587|DURVALUMAB
CHEMBL3301589|ENFORTUMAB VEDOTIN
CHEMBL3301603|GILTERITINIB FUMARATE
CHEMBL3301607|FILGOTINIB
CHEMBL3301610|ABEMACICLIB
CHEMBL3301611|AMIFAMPRIDINE PHOSPHATE
CHEMBL3301612|ENCORAFENIB
CHEMBL3301622|GILTERITINIB
CHEMBL3301624|SETMELANOTIDE
CHEMBL3301627|TENAPANOR HYDROCHLORIDE
CHEMBL3301668|CARBETOCIN
CHEMBL3301675|LINACLOTIDE
CHEMBL3305985|ALCURONIUM
CHEMBL3306803|LUMATEPERONE
CHEMBL333826|DEQUALINIUM
CHEMBL3348963|TELOTRISTAT ETIPRATE
CHEMBL334966|CANGRELOR
CHEMBL3351077|CEFSULODIN
CHEMBL3353410|OSIMERTINIB
"CHEMBL33864|LIPOIC ACID, ALPHA"
CHEMBL338802|SULFAGUANIDINE
CHEMBL338975|PHYSOSTIGMINE SALICYLATE
CHEMBL3392049|PYRITHIONE ZINC
CHEMBL33986|BUTORPHANOL
CHEMBL33|LEVOFLOXACIN
CHEMBL3402762|TEPOTINIB
CHEMBL340978|BENOXAPROFEN
CHEMBL341812|IBUFENAC
CHEMBL34259|METHOTREXATE
CHEMBL343448|ROMIDEPSIN
CHEMBL344159|TOLVAPTAN
CHEMBL345524|ANTRAFENINE
CHEMBL349803|PIRETANIDE
CHEMBL350221|OXITRIPTAN
CHEMBL354077|AMIFAMPRIDINE
CHEMBL3544906|BENZPHETAMINE HYDROCHLORIDE
CHEMBL3544908|AZATADINE MALEATE
CHEMBL3544909|CALCIFEDIOL
CHEMBL3544914|TEZACAFTOR
CHEMBL3544971|DEXTROAMPHETAMINE SULFATE
CHEMBL3544974|ASENAPINE MALEATE
CHEMBL3544986|PERINDOPRIL ARGININE
CHEMBL3545057|ACETYLDIGITOXIN
CHEMBL3545058|DEXTROTHYROXINE SODIUM
CHEMBL3545059|ALISKIREN FUMARATE
CHEMBL3545063|OSIMERTINIB MESYLATE
CHEMBL3545068|COPANLISIB HYDROCHLORIDE
CHEMBL3545110|RIBOCICLIB
CHEMBL3545131|ISATUXIMAB
CHEMBL3545181|TIOTROPIUM BROMIDE
CHEMBL3545184|VELCALCETIDE
CHEMBL3545185|SELINEXOR
CHEMBL3545188|PASIREOTIDE PAMOATE
CHEMBL3545189|LANADELUMAB
CHEMBL3545191|EVINACUMAB
CHEMBL3545252|DOCETAXEL
CHEMBL3545262|SACITUZUMAB GOVITECAN
CHEMBL3545311|BRIGATINIB
CHEMBL3545313|BEMPEDOIC ACID
CHEMBL3545367|LEMBOREXANT
CHEMBL3545368|PANOBINOSTAT LACTATE
CHEMBL3545376|ERDAFITINIB
CHEMBL354541|LOMITAPIDE
CHEMBL3545432|IXAZOMIB CITRATE
CHEMBL3559672|RAUWOLFIA SERPENTINA
CHEMBL3590187|CLASCOTERONE
CHEMBL359744|DOXORUBICIN HYDROCHLORIDE
CHEMBL35|FUROSEMIDE
CHEMBL360055|GALLAMINE
CHEMBL360328|LORCASERIN
CHEMBL361506|PENTAMIDINE ISETHIONATE
CHEMBL3622821|UPADACITINIB
CHEMBL363295|TERODILINE
CHEMBL363392|MARALIXIBAT
CHEMBL365795|TIAPROFENIC ACID
CHEMBL36715|PIRACETAM
CHEMBL36|PYRIMETHAMINE
CHEMBL3707183|QUINIDINE SULFATE
CHEMBL3707227|ATEZOLIZUMAB
CHEMBL3707246|OZANIMOD HYDROCHLORIDE
CHEMBL3707247|OZANIMOD
CHEMBL3707248|VALBENAZINE TOSYLATE
CHEMBL3707266|RIBOCICLIB SUCCINATE
CHEMBL3707290|SOMAPACITAN
CHEMBL3707313|TRIFAROTENE
CHEMBL3707314|METHOXY POLYETHYLENE GLYCOL-EPOETIN BETA
CHEMBL3707320|ALECTINIB HYDROCHLORIDE
CHEMBL3707326|BUROSUMAB
CHEMBL3707328|GALCANEZUMAB
CHEMBL3707330|ROLAPITANT HYDROCHLORIDE
CHEMBL3707348|ACALABRUTINIB
CHEMBL3707357|BROLUCIZUMAB
CHEMBL3707377|SEGESTERONE ACETATE
CHEMBL3707393|OSILODROSTAT PHOSPHATE
CHEMBL370805|COCAINE
CHEMBL372795|STREPTOMYCIN
CHEMBL373742|VASOPRESSIN
CHEMBL374478|RIFAMPIN
CHEMBL376897|METHSCOPOLAMINE
CHEMBL37744|ZIMELDINE
CHEMBL378544|VINBLASTINE SULFATE
CHEMBL379845|METHYL NICOTINATE
CHEMBL3813873|PEXIDARTINIB
CHEMBL382301|ATOSIBAN
CHEMBL3833307|SATRALIZUMAB
CHEMBL3833319|REVEFENACIN
CHEMBL3833320|EPTINEZUMAB
CHEMBL3833329|ERENUMAB
CHEMBL3833353|PRAMLINTIDE ACETATE
CHEMBL3833368|RUCAPARIB CAMSYLATE
CHEMBL3833373|AVELUMAB
CHEMBL3833389|DEXTROMORAMIDE
CHEMBL3833393|EMICIZUMAB
CHEMBL383634|GLIQUIDONE
CHEMBL383675|TEMOPORFIN
CHEMBL384467|DEXAMETHASONE
CHEMBL386630|TESTOSTERONE
CHEMBL388590|BENZBROMARONE
CHEMBL3889654|LAROTRECTINIB
CHEMBL3894860|TRILACICLIB
CHEMBL389621|HYDROCORTISONE
CHEMBL38|TRETINOIN
CHEMBL393220|ATORVASTATIN CALCIUM
CHEMBL3936761|ZANUBRUTINIB
CHEMBL395091|ESKETAMINE
CHEMBL395429|OXYTOCIN
CHEMBL396778|SAFINAMIDE
CHEMBL397420|ACENOCOUMAROL
CHEMBL398435|TICAGRELOR
CHEMBL398440|CHLOROXYLENOL
CHEMBL398707|HYDROMORPHONE
CHEMBL3989401|PAMIDRONATE DISODIUM
CHEMBL3989406|ENALAPRILAT
CHEMBL3989408|IBUPROFEN SODIUM
CHEMBL3989410|INDOMETHACIN SODIUM
CHEMBL3989478|THIETHYLPERAZINE MALEATE
CHEMBL3989509|PENTAZOCINE LACTATE
CHEMBL3989510|PENTAZOCINE HYDROCHLORIDE
CHEMBL3989514|IRINOTECAN HYDROCHLORIDE
CHEMBL3989516|FOSTAMATINIB DISODIUM
CHEMBL3989519|DOXAPRAM HYDROCHLORIDE
CHEMBL3989520|HISTAMINE PHOSPHATE
CHEMBL3989521|ISOPROTERENOL SULFATE
CHEMBL3989543|VINDESINE SULFATE
CHEMBL3989555|MECLIZINE HYDROCHLORIDE
CHEMBL3989556|REMOXIPRIDE HYDROCHLORIDE
CHEMBL3989558|METHYSERGIDE MALEATE
CHEMBL3989559|PANTOPRAZOLE SODIUM
CHEMBL3989562|TERAZOSIN HYDROCHLORIDE
CHEMBL3989566|METOPROLOL FUMARATE
CHEMBL3989569|IBANDRONATE SODIUM
CHEMBL3989676|OXYPHENBUTAZONE
CHEMBL3989677|HYDROCODONE BITARTRATE
CHEMBL3989691|ELTROMBOPAG OLAMINE
CHEMBL3989693|LEVALBUTEROL TARTRATE
CHEMBL3989694|OLANZAPINE PAMOATE
CHEMBL3989695|REGADENOSON
CHEMBL3989698|TRANYLCYPROMINE SULFATE
CHEMBL3989716|PROPOXYPHENE NAPSYLATE
CHEMBL3989724|FLURAZEPAM HYDROCHLORIDE
CHEMBL3989740|DOXYCYCLINE HYCLATE
CHEMBL3989754|FLURBIPROFEN SODIUM
CHEMBL3989767|CALCITONIN SALMON
CHEMBL3989768|LEVORPHANOL TARTRATE
CHEMBL3989780|SUCRALFATE
CHEMBL3989798|FORMOTEROL FUMARATE
CHEMBL3989803|DIPYRONE
CHEMBL3989820|ZOLPIDEM TARTRATE
CHEMBL3989821|TUBOCURARINE CHLORIDE
CHEMBL3989824|THIOTHIXENE HYDROCHLORIDE
CHEMBL3989826|OXYCODONE TEREPHTHALATE
CHEMBL3989830|SIBUTRAMINE HYDROCHLORIDE
CHEMBL3989833|ZIPRASIDONE MESYLATE
CHEMBL3989844|DEXTROAMPHETAMINE SACCHARATE
CHEMBL3989845|IMIPRAMINE PAMOATE
CHEMBL3989855|PSEUDOEPHEDRINE SULFATE
CHEMBL3989861|DESVENLAFAXINE FUMARATE
CHEMBL3989868|TUCATINIB
CHEMBL3989869|UMBRALISIB TOSYLATE
CHEMBL3989871|AVACOPAN
CHEMBL3989885|TRIMEPRAZINE TARTRATE
CHEMBL3989887|TACROLIMUS
CHEMBL3989915|DIFELIKEFALIN
CHEMBL3989919|FOSNETUPITANT CHLORIDE HYDROCHLORIDE
CHEMBL3989920|PITAVASTATIN SODIUM
CHEMBL3989921|NERATINIB MALEATE
CHEMBL3989922|NIRAPARIB TOSYLATE
CHEMBL3989923|PITAVASTATIN MAGNESIUM
CHEMBL3989924|LUTETIUM DOTATATE LU-177
CHEMBL3989931|ENASIDENIB MESYLATE
CHEMBL3989932|ANGIOTENSIN II ACETATE
CHEMBL3989937|CAPMATINIB HYDROCHLORIDE
CHEMBL3989939|LAROTRECTINIB SULFATE
CHEMBL3989944|DIROXIMEL FUMARATE
CHEMBL3989949|CENOBAMATE
CHEMBL3989958|IVOSIDENIB
CHEMBL3989973|PEXIDARTINIB HYDROCHLORIDE
CHEMBL3989977|EMAPALUMAB
CHEMBL3989986|RAVULIZUMAB
CHEMBL3990029|RISANKIZUMAB
CHEMBL3991065|ATOGEPANT
CHEMBL3|NICOTINE
CHEMBL400599|BENFLUOREX
CHEMBL404108|LUMIRACOXIB
CHEMBL404849|SULOCTIDIL
CHEMBL405|AMPHETAMINE
CHEMBL4066936|VERICIGUAT
CHEMBL406|INDAPAMIDE
CHEMBL407|FLUMAZENIL
CHEMBL408403|ANGIOTENSIN II
CHEMBL408513|BELINOSTAT
CHEMBL408|TROGLITAZONE
CHEMBL409|BICALUTAMIDE
CHEMBL4101807|VOXELOTOR
CHEMBL411|DIETHYLSTILBESTROL
CHEMBL41286|DIACEREIN
CHEMBL41355|EZOGABINE
CHEMBL413|SIROLIMUS
CHEMBL414357|EXENATIDE
CHEMBL414804|OXALIPLATIN
CHEMBL415606|DEGARELIX
CHEMBL415|CLOMIPRAMINE
CHEMBL416146|ETORICOXIB
CHEMBL4164059|PITOLISANT HYDROCHLORIDE
CHEMBL416898|CHLOROPHENOTHANE
CHEMBL416956|MEFLOQUINE
CHEMBL416|METHOXSALEN
CHEMBL418995|AMINEPTINE
CHEMBL419213|LISINOPRIL
CHEMBL41|FLUOXETINE
CHEMBL4204794|AVAPRITINIB
CHEMBL420|GUANABENZ
CHEMBL4216467|RIPRETINIB
CHEMBL421701|DITHIAZANINE IODIDE
CHEMBL421|SULFASALAZINE
CHEMBL422|TRIFLUOPERAZINE
CHEMBL42403|BORIC ACID
CHEMBL425|OLSALAZINE
CHEMBL426084|SAMIDORPHAN
CHEMBL427216|GLICLAZIDE
CHEMBL428647|PACLITAXEL
CHEMBL428880|CROMOLYN
CHEMBL4297064|MILNACIPRAN HYDROCHLORIDE
CHEMBL4297066|ELIGLUSTAT TARTRATE
CHEMBL4297091|CODEINE SULFATE
CHEMBL4297147|HALOPERIDOL LACTATE
CHEMBL4297185|DAROLUTAMIDE
CHEMBL4297216|FEDRATINIB HYDROCHLORIDE
CHEMBL4297229|PRABOTULINUMTOXIN A
CHEMBL4297240|ONASEMNOGENE ABEPARVOVEC
CHEMBL4297522|PEMIGATINIB
CHEMBL4297533|BREMELANOTIDE ACETATE
CHEMBL4297534|GLASDEGIB MALEATE
CHEMBL4297549|HUMAN C1-ESTERASE INHIBITOR
CHEMBL4297558|INOTUZUMAB
CHEMBL4297573|TAGRAXOFUSP
CHEMBL4297588|ODEVIXIBAT
CHEMBL4297711|BULEVIRTIDE
CHEMBL4297723|CEMIPLIMAB
CHEMBL4297734|CRIZANLIZUMAB
CHEMBL4297756|FREMANEZUMAB
CHEMBL4297770|INOTERSEN
CHEMBL4297774|AMIVANTAMAB
CHEMBL4297778|LONCASTUXIMAB TESIRINE
CHEMBL4297819|ROPEGINTERFERON ALFA-2B
CHEMBL4297841|TISOTUMAB VEDOTIN
CHEMBL4297844|TRASTUZUMAB DERUXTECAN
CHEMBL4297852|CENEGERMIN
CHEMBL4298047|TAFASITAMAB
CHEMBL4298124|DOSTARLIMAB
CHEMBL4298128|ELEXACAFTOR
CHEMBL4298139|SERDEXMETHYLPHENIDATE CHLORIDE
CHEMBL4298150|SIPONIMOD FUMARATE
CHEMBL4298185|LONAPEGSOMATROPIN
CHEMBL4298209|BELANTAMAB MAFODOTIN
CHEMBL4298211|PEGCETACOPLAN
CHEMBL429910|DAPAGLIFLOZIN
CHEMBL42|CLOZAPINE
CHEMBL43064|CINNARIZINE
CHEMBL43128|PRIMAQUINE PHOSPHATE
CHEMBL431770|ISTRADEFYLLINE
CHEMBL433|VALPROATE SODIUM
CHEMBL434394|NEBIVOLOL
CHEMBL43452|POMALIDOMIDE
CHEMBL434|ISOPROTERENOL
CHEMBL435|HYDROCHLOROTHIAZIDE
CHEMBL436|TOLRESTAT
CHEMBL437765|RIFAMYCIN
CHEMBL439849|VILAZODONE
CHEMBL439|SULFADIAZINE
CHEMBL43|AMSACRINE
CHEMBL441738|AFAMELANOTIDE
CHEMBL441|THIOPENTAL
CHEMBL443605|HEXYLRESORCINOL
CHEMBL444186|RAZOXANE
CHEMBL445|NORTRIPTYLINE
CHEMBL44657|ETOPOSIDE
CHEMBL447629|MITOBRONITOL
CHEMBL448|PENTOBARBITAL
CHEMBL45029|MEPHOBARBITAL
CHEMBL450449|TRABECTEDIN
CHEMBL450|METHARBITAL
CHEMBL451887|CARFILZOMIB
CHEMBL451|CHLORDIAZEPOXIDE
CHEMBL452231|TENIPOSIDE
CHEMBL4524066|LIRAGLUTIDE
CHEMBL452|CLONAZEPAM
CHEMBL4535757|SOTORASIB
CHEMBL453|SULFISOXAZOLE
CHEMBL454|BUTALBITAL
CHEMBL4559134|SELPERCATINIB
CHEMBL456|ETHACRYNIC ACID
CHEMBL457|GEMFIBROZIL
CHEMBL45816|MIBEFRADIL
CHEMBL4582651|PRALSETINIB
CHEMBL4585668|BELZUTIFAN
CHEMBL459265|HEXAMETHYL PARAROSANILINE
CHEMBL459324|DIACETYLMORPHINE
CHEMBL4594214|ZICONOTIDE
CHEMBL4594217|CANAGLIFLOZIN
CHEMBL4594230|LIPEGFILGRASTIM
CHEMBL4594242|CALCITONIN
CHEMBL4594248|CALCITONIN HUMAN
CHEMBL4594251|NETARSUDIL DIMESYLATE
CHEMBL4594260|TAZEMETOSTAT HYDROBROMIDE
CHEMBL4594262|AMLODIPINE BENZOATE
CHEMBL4594272|BEROTRALSTAT HYDROCHLORIDE
CHEMBL4594288|LEVAMLODIPINE MALEATE
CHEMBL4594292|TEPOTINIB HYDROCHLORIDE
CHEMBL4594301|REMIMAZOLAM BESYLATE
CHEMBL4594393|CALCIUM OXYBATE
CHEMBL4594394|MAGNESIUM OXYBATE
CHEMBL4594395|POTASSIUM OXYBATE
CHEMBL459|METHYLDOPA
CHEMBL45|MELATONIN
CHEMBL460|MOLINDONE
CHEMBL461101|ELTROMBOPAG
CHEMBL462605|PITOLISANT
CHEMBL46469|ANTHRALIN
CHEMBL464982|GAMOLENIC ACID
CHEMBL464|ETRETINATE
CHEMBL4650272|TRILACICLIB DIHYDROCHLORIDE
CHEMBL4650273|SETMELANOTIDE ACETATE
CHEMBL4650274|DASIGLUCAGON HYDROCHLORIDE
CHEMBL4650319|MOBOCERTINIB
CHEMBL46516|FLUSPIRILENE
CHEMBL465|DRONABINOL
CHEMBL466659|PENTAERYTHRITOL TETRANITRATE
CHEMBL46740|BAZEDOXIFENE
CHEMBL467|HYDROXYUREA
CHEMBL468|THALIDOMIDE
CHEMBL46917|CARBARIL
CHEMBL46|ONDANSETRON
CHEMBL471737|IVABRADINE
CHEMBL471|SOTALOL
CHEMBL472|GLYBURIDE
CHEMBL473417|VISMODEGIB
CHEMBL473|DOFETILIDE
CHEMBL474579|CEFOTETAN
CHEMBL475534|NITRENDIPINE
CHEMBL476|DACARBAZINE
CHEMBL477772|PAZOPANIB
CHEMBL477|ADENOSINE
CHEMBL479|THIORIDAZINE
CHEMBL4802130|BELUMOSUDIL MESYLATE
CHEMBL4802223|LEUPROLIDE MESYLATE
CHEMBL480|LANSOPRAZOLE
CHEMBL481|IRINOTECAN
CHEMBL48449|CANTHARIDIN
CHEMBL484785|CRISABOROLE
CHEMBL48582|SAFINAMIDE MESYLATE
CHEMBL486696|DOMIPHEN BROMIDE
CHEMBL487253|BENDAMUSTINE
CHEMBL488|AMINOGLUTETHIMIDE
CHEMBL49080|CLENBUTEROL
CHEMBL490|PAROXETINE
CHEMBL491571|DORIPENEM
CHEMBL493982|VORAPAXAR
CHEMBL493|BROMOCRIPTINE
CHEMBL494753|ESTRONE SULFURIC ACID
CHEMBL494|ILOPROST
CHEMBL495|ALPROSTADIL
CHEMBL496|HEXACHLOROPHENE
CHEMBL497|CLIOQUINOL
CHEMBL498|CHLORPROPAMIDE
CHEMBL499915|CARBENOXOLONE
CHEMBL499|TIMOLOL
CHEMBL49|BUSPIRONE
CHEMBL4|OFLOXACIN
CHEMBL500|PINDOLOL
CHEMBL501867|VINCRISTINE SULFATE
CHEMBL501|AMPHETAMINE SULFATE
CHEMBL502109|BENZALKONIUM CHLORIDE
CHEMBL502182|ELAGOLIX SODIUM
CHEMBL502|DONEPEZIL
CHEMBL503|LOVASTATIN
CHEMBL504760|CAMPHOR
CHEMBL506247|TANNIC ACID
CHEMBL506569|LANATOSIDE C
CHEMBL507674|CEFOPERAZONE
CHEMBL508102|CARBIMAZOLE
CHEMBL508338|THIMEROSAL
CHEMBL511142|BUPRENORPHINE
CHEMBL511|PYRILAMINE
CHEMBL512351|BETRIXABAN
CHEMBL513|CARMUSTINE
CHEMBL514446|DEHYDROCHOLIC ACID
CHEMBL514800|APREMILAST
CHEMBL515606|CILAZAPRIL
CHEMBL515914|AZARIBINE
CHEMBL515|CHLORAMBUCIL
CHEMBL516476|METHYLATROPINE NITRATE
CHEMBL516|CYPROHEPTADINE
CHEMBL517712|ATROPINE
CHEMBL517|DISOPYRAMIDE
CHEMBL51|KETANSERIN
CHEMBL521686|OLAPARIB
CHEMBL521|IBUPROFEN
CHEMBL522038|XIMELAGATRAN
CHEMBL523299|UMECLIDINIUM BROMIDE
CHEMBL52440|DEXTROMETHORPHAN
CHEMBL525610|TERIPARATIDE
CHEMBL526|PROPOFOL
CHEMBL527|PIROXICAM
CHEMBL529437|COCAINE HYDROCHLORIDE
CHEMBL529|AZITHROMYCIN
CHEMBL531|PERGOLIDE
CHEMBL53292|ISOXICAM
CHEMBL532|ERYTHROMYCIN
CHEMBL53418|DANTHRON
CHEMBL53463|DOXORUBICIN
CHEMBL534|KETOTIFEN
CHEMBL535650|MEFLOQUINE HYDROCHLORIDE
CHEMBL535|SUNITINIB
CHEMBL537669|YOHIMBINE HYDROCHLORIDE
CHEMBL537|HYDROQUINONE
CHEMBL538943|VINORELBINE TARTRATE
CHEMBL539770|TERODILINE HYDROCHLORIDE
CHEMBL53|APOMORPHINE
CHEMBL54126|NEOSTIGMINE BROMIDE
CHEMBL542541|HYDRALAZINE HYDROCHLORIDE
CHEMBL54349|ALPIDEM
CHEMBL544428|MIANSERIN HYDROCHLORIDE
CHEMBL544665|FINGOLIMOD HYDROCHLORIDE
CHEMBL544|MEQUINOL
CHEMBL545|ALCOHOL
CHEMBL547|ISOTRETINOIN
CHEMBL548|DINOPROSTONE
CHEMBL54976|TRYPTOPHAN
CHEMBL549|CITALOPRAM
CHEMBL54|HALOPERIDOL
CHEMBL550348|DEFERASIROX
CHEMBL550495|METHYLENE BLUE
CHEMBL550|PILOCARPINE
CHEMBL551466|ACLIDINIUM BROMIDE
CHEMBL552659|FLUNARIZINE HYDROCHLORIDE
CHEMBL553025|VINORELBINE
CHEMBL553|ERLOTINIB
CHEMBL55400|PROFLAVINE
CHEMBL554|LAPATINIB
CHEMBL556|DEFEROXAMINE
CHEMBL557555|CIPROFIBRATE
CHEMBL559180|ISOXSUPRINE HYDROCHLORIDE
CHEMBL559|DEXTROTHYROXINE
CHEMBL561|LOMEFLOXACIN
CHEMBL562|GRISEOFULVIN
CHEMBL56367|NIMESULIDE
CHEMBL563|FLURBIPROFEN
CHEMBL564|PROMAZINE
CHEMBL56564|TROPISETRON
CHEMBL565|CLOFIBRATE
CHEMBL566315|OBETICHOLIC ACID
CHEMBL566534|ARTEMETHER
CHEMBL567597|ARTEMISININ
CHEMBL567|PERPHENAZINE
CHEMBL568|OXAZEPAM
CHEMBL569713|SCOPOLAMINE
CHEMBL570|TRIFLUPROMAZINE
CHEMBL571546|TIRBANIBULIN
CHEMBL571|KETOPROFEN
CHEMBL572|NITROFURANTOIN
CHEMBL573|NIACIN
CHEMBL578|ENALAPRIL
CHEMBL57|NEVIRAPINE
CHEMBL580|LORAZEPAM
CHEMBL58323|ERLOSAMIDE
CHEMBL584|NELFINAVIR
CHEMBL585|TRIAMTERENE
CHEMBL588|FENOLDOPAM
CHEMBL589586|MONOMETHYL FUMARATE
CHEMBL589|ROPINIROLE
CHEMBL58|MITOXANTRONE
CHEMBL590|MENADIONE
CHEMBL591|ETHCHLORVYNOL
CHEMBL595|PIOGLITAZONE
CHEMBL596|FENTANYL
CHEMBL597|PHENTOLAMINE
CHEMBL599|MELOXICAM
CHEMBL59|DOPAMINE
CHEMBL5|NALIDIXIC ACID
CHEMBL600325|PROSCILLARIDIN
CHEMBL600|ACETYLCYSTEINE
CHEMBL601719|CRIZOTINIB
CHEMBL601|AMINOLEVULINIC ACID
CHEMBL602|CYSTEAMINE
CHEMBL603|ZAFIRLUKAST
CHEMBL605|PROCAINAMIDE HYDROCHLORIDE
CHEMBL606|MISOPROSTOL
CHEMBL607400|BRIVARACETAM
CHEMBL608533|MIDOSTAURIN
CHEMBL608|PROBUCOL
CHEMBL609|TRIENTINE
CHEMBL611|TERAZOSIN
CHEMBL612|DEXTROAMPHETAMINE
CHEMBL614|PYRAZINAMIDE
CHEMBL61593|CYCLOTHIAZIDE
CHEMBL617|CEPHALOTHIN
CHEMBL61|PODOFILOX
CHEMBL62193|SULFADIMETHOXINE
CHEMBL621|TRAZODONE
CHEMBL622|ETODOLAC
CHEMBL623|NEFAZODONE
CHEMBL625|THIABENDAZOLE
CHEMBL628|PENTOXIFYLLINE
CHEMBL629|AMITRIPTYLINE
CHEMBL631|PROPAFENONE
CHEMBL632|BETAMETHASONE
CHEMBL633|AMIODARONE
CHEMBL635|PREDNISONE
CHEMBL636|RIVASTIGMINE
CHEMBL637|VENLAFAXINE
CHEMBL63857|PHENOLPHTHALEIN
CHEMBL639|AZELASTINE
CHEMBL640|PROCAINAMIDE
CHEMBL641|ATOMOXETINE
CHEMBL6437|MIANSERIN
CHEMBL64391|ITRACONAZOLE
CHEMBL643|PROMETHAZINE
CHEMBL644|TRIMIPRAMINE
CHEMBL6466|COUMARIN
CHEMBL646|TRIAZOLAM
CHEMBL647|APRACLONIDINE
CHEMBL64894|GENTIAN VIOLET
CHEMBL649|NADOLOL
CHEMBL64|ISONIAZID
CHEMBL650|METHYLPREDNISOLONE
CHEMBL65375|TIPIRACIL HYDROCHLORIDE
CHEMBL654|MIRTAZAPINE
CHEMBL655|MIDAZOLAM
CHEMBL656|OXYCODONE
CHEMBL65794|CEFPIROME
CHEMBL657|DIPHENHYDRAMINE
CHEMBL658|SUFENTANIL
CHEMBL661|ALPRAZOLAM
CHEMBL6622|ISOSORBIDE DINITRATE
CHEMBL667|ACETYLCHOLINE
CHEMBL668|PROTRIPTYLINE
CHEMBL669|CYCLOBENZAPRINE
CHEMBL671|THIOTEPA
CHEMBL672|FENOFIBRATE
CHEMBL675|ALENDRONATE SODIUM
CHEMBL677|LEVONORDEFRIN
CHEMBL679|EPINEPHRINE
CHEMBL680|CEFACLOR
CHEMBL681|ETOMIDATE
CHEMBL685|MEBENDAZOLE
CHEMBL686|MEFENAMIC ACID
CHEMBL688|FENTANYL CITRATE
CHEMBL690|PRAVASTATIN SODIUM
CHEMBL691|ETHINYL ESTRADIOL
CHEMBL692|GLYCERIN
CHEMBL695|TRIMETHADIONE
CHEMBL6966|VERAPAMIL
CHEMBL696|ETHOSUXIMIDE
CHEMBL697|METHSUXIMIDE
CHEMBL698|TETRACAINE
CHEMBL6995|PRACTOLOL
CHEMBL6|INDOMETHACIN
CHEMBL700|SULFAPYRIDINE
CHEMBL701|BACLOFEN
CHEMBL70418|CLOBAZAM
CHEMBL704|MESALAMINE
CHEMBL705|ALITRETINOIN
CHEMBL706|CETYL ALCOHOL
CHEMBL707|DOXAZOSIN
CHEMBL708|ZIPRASIDONE
CHEMBL70927|DEFERIPRONE
CHEMBL709|ALFUZOSIN
CHEMBL70|MORPHINE
CHEMBL710|FINASTERIDE
CHEMBL711|PHENINDIONE
CHEMBL712|ANISINDIONE
CHEMBL713|ENTECAVIR
CHEMBL714|ALBUTEROL
CHEMBL715|OLANZAPINE
CHEMBL716|QUETIAPINE
CHEMBL71752|VINPOCETINE
CHEMBL717|MEDROXYPROGESTERONE ACETATE
CHEMBL719|MUPIROCIN
CHEMBL71|CHLORPROMAZINE
CHEMBL720|BENZYL ALCOHOL
CHEMBL723|CARVEDILOL
CHEMBL726|FLUPHENAZINE
CHEMBL727|THIOGUANINE
CHEMBL728|PROCHLORPERAZINE
CHEMBL729|LOPINAVIR
CHEMBL72|DESIPRAMINE
CHEMBL730|NITROGLYCERIN
CHEMBL73234|CARBETAPENTANE
CHEMBL73451|MEQUITAZINE
CHEMBL734|ACETOHYDROXAMIC ACID
CHEMBL738|THIOPENTAL SODIUM
CHEMBL741|LAMOTRIGINE
CHEMBL742|KETAMINE
CHEMBL744|RILUZOLE
CHEMBL748|PRALIDOXIME CHLORIDE
CHEMBL750|ZONISAMIDE
CHEMBL751|BROMFENAC SODIUM
CHEMBL752|ADENOSINE PHOSPHATE
CHEMBL753|PHENOXYBENZAMINE
CHEMBL75435|DEXKETOPROFEN
CHEMBL754|FOSCARNET SODIUM
CHEMBL75753|XAMOTEROL
CHEMBL75880|PERHEXILINE
CHEMBL760|ANAGRELIDE
CHEMBL761|NAPHAZOLINE
CHEMBL762|OXYMETAZOLINE
CHEMBL76370|TEGASEROD
CHEMBL766|CILASTATIN
CHEMBL76|CHLOROQUINE
CHEMBL770|TOLAZOLINE
CHEMBL771|CYCLOSERINE
CHEMBL772|RESERPINE
CHEMBL773|GLYCINE
CHEMBL778|DEXMEDETOMIDINE
CHEMBL779|TADALAFIL
CHEMBL780|PENTETIC ACID
CHEMBL781|MAZINDOL
CHEMBL782|TOLBUTAMIDE
CHEMBL783|NATEGLINIDE
CHEMBL786|TAMOXIFEN CITRATE
CHEMBL787|MONTELUKAST
CHEMBL788|IDOXURIDINE
CHEMBL790|CHLORHEXIDINE
CHEMBL796|METHYLPHENIDATE
CHEMBL797|PHENSUXIMIDE
CHEMBL799|CILOSTAZOL
CHEMBL79|LIDOCAINE
CHEMBL802|MINOXIDIL
CHEMBL803|CYTARABINE
CHEMBL806|FLUTAMIDE
CHEMBL807|MEMANTINE
CHEMBL809|SERTRALINE
CHEMBL80|NALOXONE
CHEMBL812|PYRIDOSTIGMINE BROMIDE
CHEMBL814|FLUVOXAMINE
CHEMBL815|DINOPROST
CHEMBL817|TOLAZAMIDE
CHEMBL818|IOBENGUANE
CHEMBL81|RALOXIFENE
CHEMBL820|BUSULFAN
CHEMBL822|TERBINAFINE
CHEMBL830|EFLORNITHINE
CHEMBL831|LOXAPINE
CHEMBL832|SULFINPYRAZONE
CHEMBL833|TICLOPIDINE
CHEMBL83668|TOLNAFTATE
CHEMBL836|TAMSULOSIN
CHEMBL83|TAMOXIFEN
CHEMBL841|LOPERAMIDE
CHEMBL842|CHLOROTHIAZIDE
CHEMBL843|ROSIGLITAZONE MALEATE
CHEMBL844|BRIMONIDINE
CHEMBL846|CALCITRIOL
CHEMBL848|LENALIDOMIDE
CHEMBL849|TRICLOSAN
CHEMBL852|MELPHALAN
CHEMBL853|ZALCITABINE
CHEMBL855|TRIPROLIDINE
CHEMBL856|PRIMIDONE
CHEMBL857|BIOTIN
CHEMBL859|OXYPURINOL
CHEMBL85|RISPERIDONE
CHEMBL861|MEPHENYTOIN
CHEMBL862|GUANFACINE
CHEMBL86304|MOCLOBEMIDE
CHEMBL865|VALDECOXIB
CHEMBL866|MYCOPHENOLIC ACID
CHEMBL867|IOPANOIC ACID
CHEMBL86882|ETILEFRINE
CHEMBL869|NITROFURAZONE
CHEMBL86|METOCLOPRAMIDE
CHEMBL871|ETIDRONIC ACID
CHEMBL87493|FENFLURAMINE
CHEMBL87708|LOFEPRAMINE
CHEMBL878|METOLAZONE
CHEMBL87992|ESLICARBAZEPINE ACETATE
CHEMBL88055|RIMITEROL
CHEMBL88|CYCLOPHOSPHAMIDE
CHEMBL893|DICLOXACILLIN
CHEMBL894|BUPROPION
CHEMBL89598|VIGABATRIN
CHEMBL895|NALBUPHINE
CHEMBL897|PROBENECID
CHEMBL898|DIFLUNISAL
CHEMBL8|CIPROFLOXACIN
CHEMBL902|FAMOTIDINE
CHEMBL904|DEXMETHYLPHENIDATE HYDROCHLORIDE
CHEMBL90555|VINCRISTINE
CHEMBL90593|PRASTERONE
CHEMBL905|RIZATRIPTAN
CHEMBL908|CHLORPROTHIXENE
CHEMBL90|HISTAMINE
CHEMBL911|ZOLPIDEM
CHEMBL914|FEXOFENADINE
CHEMBL916|TIROFIBAN
CHEMBL917|FLOXURIDINE
CHEMBL918|PHENACEMIDE
CHEMBL919|FOSPHENYTOIN SODIUM
CHEMBL91|MICONAZOLE
CHEMBL922|ADEFOVIR DIPIVOXIL
CHEMBL923|RISEDRONIC ACID
CHEMBL92401|IPRONIAZID
CHEMBL924|ZOLEDRONIC ACID
CHEMBL926|DOBUTAMINE
CHEMBL927|CEFDINIR
CHEMBL92870|LIDOFLAZINE
CHEMBL928|DANTROLENE SODIUM
CHEMBL930|GLUTAMINE
CHEMBL931|HALOTHANE
CHEMBL93268|SODIUM NITRITE
CHEMBL932|DIPYRIDAMOLE
CHEMBL934|METYRAPONE
CHEMBL93645|ACECLOFENAC
CHEMBL936|DIPHENIDOL
CHEMBL937|DIETHYLCARBAMAZINE CITRATE
CHEMBL938|SARALASIN
CHEMBL939|GEFITINIB
CHEMBL93|ZILEUTON
CHEMBL94081|ALCLOFENAC
CHEMBL940|GABAPENTIN
CHEMBL941|IMATINIB
CHEMBL942|BISACODYL
CHEMBL94394|BUFEXAMAC
CHEMBL94454|MIZOLASTINE
CHEMBL944|CHLOROPROCAINE HYDROCHLORIDE
CHEMBL945|AMILORIDE
CHEMBL94|PHYSOSTIGMINE
CHEMBL953|ENTACAPONE
CHEMBL956|SUPROFEN
CHEMBL957|BOSENTAN
CHEMBL95889|BETAINE
CHEMBL95|TACRINE
CHEMBL960|LEFLUNOMIDE
CHEMBL962|EPOPROSTENOL SODIUM
CHEMBL963|OXYMORPHONE
CHEMBL964|DISULFIRAM
CHEMBL967|TEMAZEPAM
CHEMBL968|FLURAZEPAM
CHEMBL969|PRAZEPAM
CHEMBL970|HALAZEPAM
CHEMBL971|PENTOBARBITAL SODIUM
CHEMBL972|SELEGILINE
CHEMBL973|TERIFLUNOMIDE
CHEMBL976|PRAZIQUANTEL
CHEMBL977|HYDROCORTISONE HEMISUCCINATE
CHEMBL979|MEPROBAMATE
CHEMBL98123|PAPAVERINE HYDROCHLORIDE
CHEMBL981|FENOFIBRIC ACID
CHEMBL982|NALMEFENE
CHEMBL983|SUCCINYLCHOLINE CHLORIDE
CHEMBL984|MIVACURIUM CHLORIDE
CHEMBL985|UREA
CHEMBL986|RETINOL
CHEMBL989|FLUOCINOLONE ACETONIDE
CHEMBL98|VORINOSTAT
CHEMBL991|STAVUDINE
CHEMBL995|LOSARTAN POTASSIUM
CHEMBL9967|PIRENZEPINE
CHEMBL998|LORATADINE
CHEMBL9|NORFLOXACIN
